ProductID;L=3;V_3;E_3;L=4;V_4;E_4;
1;L=3;22;24;L=4;24;24;
2;L=3;27;40;L=4;40;63;
3;L=3;31;45;L=4;45;69;
4;L=3;36;61;L=4;61;108;
5;L=3;40;66;L=4;66;114;
6;L=3;45;82;L=4;82;153;
7;L=3;31;45;L=4;45;69;
8;L=3;36;61;L=4;61;108;
9;L=3;40;66;L=4;66;114;
10;L=3;49;87;L=4;87;159;
11;L=3;52;93;L=4;93;168;
12;L=3;38;56;L=4;56;84;
13;L=3;43;72;L=4;72;123;
14;L=3;47;77;L=4;77;129;
15;L=3;56;98;L=4;98;174;
16;L=3;55;100;L=4;100;185;
17;L=3;59;105;L=4;105;191;
18;L=3;57;103;L=4;103;189;
19;L=3;27;40;L=4;40;63;
20;L=3;31;45;L=4;45;69;
21;L=3;36;61;L=4;61;108;
22;L=3;40;66;L=4;66;114;
23;L=3;45;82;L=4;82;153;
24;L=3;49;87;L=4;87;159;
25;L=3;52;93;L=4;93;168;
26;L=3;34;51;L=4;51;78;
27;L=3;38;56;L=4;56;84;
28;L=3;43;72;L=4;72;123;
29;L=3;47;77;L=4;77;129;
30;L=3;56;98;L=4;98;174;
31;L=3;55;100;L=4;100;185;
32;L=3;59;105;L=4;105;191;
33;L=3;61;108;L=4;108;195;
34;L=3;20;22;L=4;22;22;
35;L=3;24;27;L=4;27;28;
36;L=3;29;43;L=4;43;67;
37;L=3;33;48;L=4;48;73;
38;L=3;38;64;L=4;64;112;
39;L=3;42;69;L=4;69;118;
40;L=3;47;85;L=4;85;157;
41;L=3;29;43;L=4;43;67;
42;L=3;33;48;L=4;48;73;
43;L=3;38;64;L=4;64;112;
44;L=3;42;69;L=4;69;118;
45;L=3;51;90;L=4;90;163;
46;L=3;54;96;L=4;96;172;
47;L=3;36;54;L=4;54;82;
48;L=3;40;59;L=4;59;88;
49;L=3;45;75;L=4;75;127;
50;L=3;49;80;L=4;80;133;
51;L=3;58;101;L=4;101;178;
52;L=3;58;104;L=4;104;190;
53;L=3;23;25;L=4;25;25;
54;L=3;28;41;L=4;41;64;
55;L=3;32;46;L=4;46;70;
56;L=3;37;62;L=4;62;109;
57;L=3;41;67;L=4;67;115;
58;L=3;46;83;L=4;83;154;
59;L=3;32;46;L=4;46;70;
60;L=3;37;62;L=4;62;109;
61;L=3;41;67;L=4;67;115;
62;L=3;50;88;L=4;88;160;
63;L=3;53;94;L=4;94;169;
64;L=3;39;57;L=4;57;85;
65;L=3;44;73;L=4;73;124;
66;L=3;48;78;L=4;78;130;
67;L=3;57;99;L=4;99;175;
68;L=3;56;101;L=4;101;186;
69;L=3;60;106;L=4;106;192;
70;L=3;62;109;L=4;109;196;
71;L=3;28;41;L=4;41;64;
72;L=3;32;46;L=4;46;70;
73;L=3;37;62;L=4;62;109;
74;L=3;41;67;L=4;67;115;
75;L=3;46;83;L=4;83;154;
76;L=3;50;88;L=4;88;160;
77;L=3;53;94;L=4;94;169;
78;L=3;35;52;L=4;52;79;
79;L=3;39;57;L=4;57;85;
80;L=3;44;73;L=4;73;124;
81;L=3;48;78;L=4;78;130;
82;L=3;57;99;L=4;99;175;
83;L=3;56;101;L=4;101;186;
84;L=3;60;106;L=4;106;192;
85;L=3;55;97;L=4;97;173;
86;L=3;21;23;L=4;23;23;
87;L=3;25;28;L=4;28;29;
88;L=3;30;44;L=4;44;68;
89;L=3;34;49;L=4;49;74;
90;L=3;39;65;L=4;65;113;
91;L=3;43;70;L=4;70;119;
92;L=3;48;86;L=4;86;158;
93;L=3;30;44;L=4;44;68;
94;L=3;34;49;L=4;49;74;
95;L=3;39;65;L=4;65;113;
96;L=3;43;70;L=4;70;119;
97;L=3;52;91;L=4;91;164;
98;L=3;59;102;L=4;102;179;
99;L=3;37;55;L=4;55;83;
100;L=3;41;60;L=4;60;89;
101;L=3;46;76;L=4;76;128;
102;L=3;50;81;L=4;81;134;
103;L=3;62;111;L=4;111;199;
104;L=3;26;29;L=4;29;29;
105;L=3;31;45;L=4;45;68;
106;L=3;35;50;L=4;50;74;
107;L=3;40;66;L=4;66;113;
108;L=3;44;71;L=4;71;119;
109;L=3;49;87;L=4;87;158;
110;L=3;35;50;L=4;50;74;
111;L=3;40;66;L=4;66;113;
112;L=3;44;71;L=4;71;119;
113;L=3;53;92;L=4;92;164;
114;L=3;56;98;L=4;98;173;
115;L=3;42;61;L=4;61;89;
116;L=3;47;77;L=4;77;128;
117;L=3;51;82;L=4;82;134;
118;L=3;60;103;L=4;103;179;
119;L=3;59;105;L=4;105;190;
120;L=3;63;110;L=4;110;196;
121;L=3;61;110;L=4;110;198;
122;L=3;31;45;L=4;45;68;
123;L=3;35;50;L=4;50;74;
124;L=3;40;66;L=4;66;113;
125;L=3;44;71;L=4;71;119;
126;L=3;49;87;L=4;87;158;
127;L=3;53;92;L=4;92;164;
128;L=3;56;98;L=4;98;173;
129;L=3;38;56;L=4;56;83;
130;L=3;42;61;L=4;61;89;
131;L=3;47;77;L=4;77;128;
132;L=3;51;82;L=4;82;134;
133;L=3;60;103;L=4;103;179;
134;L=3;59;105;L=4;105;190;
135;L=3;63;110;L=4;110;196;
136;L=3;65;115;L=4;115;204;
137;L=3;24;29;L=4;29;31;
138;L=3;28;34;L=4;34;37;
139;L=3;33;50;L=4;50;76;
140;L=3;37;55;L=4;55;82;
141;L=3;42;71;L=4;71;121;
142;L=3;46;76;L=4;76;127;
143;L=3;51;92;L=4;92;166;
144;L=3;33;50;L=4;50;76;
145;L=3;37;55;L=4;55;82;
146;L=3;42;71;L=4;71;121;
147;L=3;46;76;L=4;76;127;
148;L=3;55;97;L=4;97;172;
149;L=3;58;103;L=4;103;181;
150;L=3;40;61;L=4;61;91;
151;L=3;44;66;L=4;66;97;
152;L=3;49;82;L=4;82;136;
153;L=3;53;87;L=4;87;142;
154;L=3;62;108;L=4;108;187;
155;L=3;66;116;L=4;116;205;
156;L=3;27;30;L=4;30;30;
157;L=3;32;46;L=4;46;69;
158;L=3;36;51;L=4;51;75;
159;L=3;41;67;L=4;67;114;
160;L=3;45;72;L=4;72;120;
161;L=3;50;88;L=4;88;159;
162;L=3;36;51;L=4;51;75;
163;L=3;41;67;L=4;67;114;
164;L=3;45;72;L=4;72;120;
165;L=3;54;93;L=4;93;165;
166;L=3;57;99;L=4;99;174;
167;L=3;43;62;L=4;62;90;
168;L=3;48;78;L=4;78;129;
169;L=3;52;83;L=4;83;135;
170;L=3;61;104;L=4;104;180;
171;L=3;60;106;L=4;106;191;
172;L=3;64;111;L=4;111;197;
173;L=3;60;106;L=4;106;191;
174;L=3;32;46;L=4;46;69;
175;L=3;36;51;L=4;51;75;
176;L=3;41;67;L=4;67;114;
177;L=3;45;72;L=4;72;120;
178;L=3;50;88;L=4;88;159;
179;L=3;54;93;L=4;93;165;
180;L=3;57;99;L=4;99;174;
181;L=3;39;57;L=4;57;84;
182;L=3;43;62;L=4;62;90;
183;L=3;48;78;L=4;78;129;
184;L=3;52;83;L=4;83;135;
185;L=3;61;104;L=4;104;180;
186;L=3;64;111;L=4;111;197;
187;L=3;59;104;L=4;104;182;
188;L=3;25;30;L=4;30;32;
189;L=3;29;35;L=4;35;38;
190;L=3;34;51;L=4;51;77;
191;L=3;38;56;L=4;56;83;
192;L=3;43;72;L=4;72;122;
193;L=3;47;77;L=4;77;128;
194;L=3;52;93;L=4;93;167;
195;L=3;34;51;L=4;51;77;
196;L=3;38;56;L=4;56;83;
197;L=3;43;72;L=4;72;122;
198;L=3;47;77;L=4;77;128;
199;L=3;56;98;L=4;98;173;
200;L=3;63;109;L=4;109;188;
201;L=3;41;62;L=4;62;92;
202;L=3;45;67;L=4;67;98;
203;L=3;50;83;L=4;83;137;
204;L=3;54;88;L=4;88;143;
205;L=3;64;113;L=4;113;201;
206;L=3;28;41;L=4;41;64;
207;L=3;23;25;L=4;25;25;
208;L=3;32;46;L=4;46;70;
209;L=3;37;62;L=4;62;109;
210;L=3;41;67;L=4;67;115;
211;L=3;46;83;L=4;83;154;
212;L=3;32;46;L=4;46;70;
213;L=3;37;62;L=4;62;109;
214;L=3;41;67;L=4;67;115;
215;L=3;50;88;L=4;88;160;
216;L=3;53;94;L=4;94;169;
217;L=3;39;57;L=4;57;85;
218;L=3;44;73;L=4;73;124;
219;L=3;48;78;L=4;78;130;
220;L=3;57;99;L=4;99;175;
221;L=3;56;101;L=4;101;186;
222;L=3;60;106;L=4;106;192;
223;L=3;58;106;L=4;106;194;
224;L=3;28;41;L=4;41;64;
225;L=3;32;46;L=4;46;70;
226;L=3;37;62;L=4;62;109;
227;L=3;41;67;L=4;67;115;
228;L=3;46;83;L=4;83;154;
229;L=3;50;88;L=4;88;160;
230;L=3;53;94;L=4;94;169;
231;L=3;35;52;L=4;52;79;
232;L=3;39;57;L=4;57;85;
233;L=3;44;73;L=4;73;124;
234;L=3;48;78;L=4;78;130;
235;L=3;57;99;L=4;99;175;
236;L=3;56;101;L=4;101;186;
237;L=3;60;106;L=4;106;192;
238;L=3;62;111;L=4;111;200;
239;L=3;16;17;L=4;17;16;
240;L=3;21;25;L=4;25;27;
241;L=3;25;30;L=4;30;33;
242;L=3;34;51;L=4;51;78;
243;L=3;30;46;L=4;46;72;
244;L=3;39;67;L=4;67;117;
245;L=3;43;72;L=4;72;123;
246;L=3;48;88;L=4;88;162;
247;L=3;30;46;L=4;46;72;
248;L=3;34;51;L=4;51;78;
249;L=3;39;67;L=4;67;117;
250;L=3;43;72;L=4;72;123;
251;L=3;52;93;L=4;93;168;
252;L=3;55;99;L=4;99;177;
253;L=3;37;57;L=4;57;87;
254;L=3;41;62;L=4;62;93;
255;L=3;46;78;L=4;78;132;
256;L=3;50;83;L=4;83;138;
257;L=3;59;104;L=4;104;183;
258;L=3;63;112;L=4;112;200;
259;L=3;28;31;L=4;31;31;
260;L=3;33;47;L=4;47;70;
261;L=3;37;52;L=4;52;76;
262;L=3;42;68;L=4;68;115;
263;L=3;46;73;L=4;73;121;
264;L=3;51;89;L=4;89;160;
265;L=3;37;52;L=4;52;76;
266;L=3;42;68;L=4;68;115;
267;L=3;46;73;L=4;73;121;
268;L=3;55;94;L=4;94;166;
269;L=3;58;100;L=4;100;175;
270;L=3;44;63;L=4;63;91;
271;L=3;49;79;L=4;79;130;
272;L=3;53;84;L=4;84;136;
273;L=3;62;105;L=4;105;181;
274;L=3;61;107;L=4;107;192;
275;L=3;65;112;L=4;112;198;
276;L=3;67;117;L=4;117;206;
277;L=3;33;47;L=4;47;70;
278;L=3;37;52;L=4;52;76;
279;L=3;42;68;L=4;68;115;
280;L=3;46;73;L=4;73;121;
281;L=3;51;89;L=4;89;160;
282;L=3;55;94;L=4;94;166;
283;L=3;58;100;L=4;100;175;
284;L=3;40;58;L=4;58;85;
285;L=3;44;63;L=4;63;91;
286;L=3;49;79;L=4;79;130;
287;L=3;53;84;L=4;84;136;
288;L=3;62;105;L=4;105;181;
289;L=3;61;107;L=4;107;192;
290;L=3;65;112;L=4;112;198;
291;L=3;60;105;L=4;105;183;
292;L=3;26;31;L=4;31;33;
293;L=3;30;36;L=4;36;39;
294;L=3;35;52;L=4;52;78;
295;L=3;39;57;L=4;57;84;
296;L=3;44;73;L=4;73;123;
297;L=3;48;78;L=4;78;129;
298;L=3;53;94;L=4;94;168;
299;L=3;35;52;L=4;52;78;
300;L=3;39;57;L=4;57;84;
301;L=3;44;73;L=4;73;123;
302;L=3;48;78;L=4;78;129;
303;L=3;57;99;L=4;99;174;
304;L=3;64;110;L=4;110;189;
305;L=3;42;63;L=4;63;93;
306;L=3;46;68;L=4;68;99;
307;L=3;51;84;L=4;84;138;
308;L=3;55;89;L=4;89;144;
309;L=3;68;118;L=4;118;207;
310;L=3;29;32;L=4;32;32;
311;L=3;34;48;L=4;48;71;
312;L=3;38;53;L=4;53;77;
313;L=3;43;69;L=4;69;116;
314;L=3;47;74;L=4;74;122;
315;L=3;52;90;L=4;90;161;
316;L=3;38;53;L=4;53;77;
317;L=3;43;69;L=4;69;116;
318;L=3;47;74;L=4;74;122;
319;L=3;56;95;L=4;95;167;
320;L=3;59;101;L=4;101;176;
321;L=3;45;64;L=4;64;92;
322;L=3;50;80;L=4;80;131;
323;L=3;54;85;L=4;85;137;
324;L=3;63;106;L=4;106;182;
325;L=3;62;108;L=4;108;193;
326;L=3;66;113;L=4;113;199;
327;L=3;62;108;L=4;108;193;
328;L=3;34;48;L=4;48;71;
329;L=3;38;53;L=4;53;77;
330;L=3;43;69;L=4;69;116;
331;L=3;47;74;L=4;74;122;
332;L=3;52;90;L=4;90;161;
333;L=3;56;95;L=4;95;167;
334;L=3;59;101;L=4;101;176;
335;L=3;41;59;L=4;59;86;
336;L=3;45;64;L=4;64;92;
337;L=3;50;80;L=4;80;131;
338;L=3;54;85;L=4;85;137;
339;L=3;63;106;L=4;106;182;
340;L=3;66;113;L=4;113;199;
341;L=3;61;106;L=4;106;184;
342;L=3;27;32;L=4;32;34;
343;L=3;31;37;L=4;37;40;
344;L=3;36;53;L=4;53;79;
345;L=3;40;58;L=4;58;85;
346;L=3;45;74;L=4;74;124;
347;L=3;49;79;L=4;79;130;
348;L=3;54;95;L=4;95;169;
349;L=3;36;53;L=4;53;79;
350;L=3;40;58;L=4;58;85;
351;L=3;45;74;L=4;74;124;
352;L=3;49;79;L=4;79;130;
353;L=3;58;100;L=4;100;175;
354;L=3;65;111;L=4;111;190;
355;L=3;43;64;L=4;64;94;
356;L=3;47;69;L=4;69;100;
357;L=3;52;85;L=4;85;139;
358;L=3;56;90;L=4;90;145;
359;L=3;65;114;L=4;114;202;
360;L=3;22;24;L=4;24;24;
361;L=3;27;40;L=4;40;63;
362;L=3;31;45;L=4;45;69;
363;L=3;36;61;L=4;61;108;
364;L=3;40;66;L=4;66;114;
365;L=3;45;82;L=4;82;153;
366;L=3;31;45;L=4;45;69;
367;L=3;36;61;L=4;61;108;
368;L=3;40;66;L=4;66;114;
369;L=3;49;87;L=4;87;159;
370;L=3;52;93;L=4;93;168;
371;L=3;38;56;L=4;56;84;
372;L=3;43;72;L=4;72;123;
373;L=3;47;77;L=4;77;129;
374;L=3;56;98;L=4;98;174;
375;L=3;55;100;L=4;100;185;
376;L=3;59;105;L=4;105;191;
377;L=3;57;105;L=4;105;193;
378;L=3;27;40;L=4;40;63;
379;L=3;31;45;L=4;45;69;
380;L=3;36;61;L=4;61;108;
381;L=3;40;66;L=4;66;114;
382;L=3;45;82;L=4;82;153;
383;L=3;49;87;L=4;87;159;
384;L=3;52;93;L=4;93;168;
385;L=3;34;51;L=4;51;78;
386;L=3;38;56;L=4;56;84;
387;L=3;43;72;L=4;72;123;
388;L=3;47;77;L=4;77;129;
389;L=3;56;98;L=4;98;174;
390;L=3;55;100;L=4;100;185;
391;L=3;59;105;L=4;105;191;
392;L=3;61;110;L=4;110;199;
393;L=3;15;16;L=4;16;15;
394;L=3;20;24;L=4;24;26;
395;L=3;24;29;L=4;29;32;
396;L=3;33;50;L=4;50;77;
397;L=3;29;45;L=4;45;71;
398;L=3;38;66;L=4;66;116;
399;L=3;42;71;L=4;71;122;
400;L=3;47;87;L=4;87;161;
401;L=3;29;45;L=4;45;71;
402;L=3;33;50;L=4;50;77;
403;L=3;38;66;L=4;66;116;
404;L=3;42;71;L=4;71;122;
405;L=3;51;92;L=4;92;167;
406;L=3;54;98;L=4;98;176;
407;L=3;36;56;L=4;56;86;
408;L=3;40;61;L=4;61;92;
409;L=3;45;77;L=4;77;131;
410;L=3;49;82;L=4;82;137;
411;L=3;58;103;L=4;103;182;
412;L=3;62;111;L=4;111;199;
413;L=3;27;30;L=4;30;30;
414;L=3;32;46;L=4;46;69;
415;L=3;36;51;L=4;51;75;
416;L=3;41;67;L=4;67;114;
417;L=3;45;72;L=4;72;120;
418;L=3;50;88;L=4;88;159;
419;L=3;36;51;L=4;51;75;
420;L=3;41;67;L=4;67;114;
421;L=3;45;72;L=4;72;120;
422;L=3;54;93;L=4;93;165;
423;L=3;57;99;L=4;99;174;
424;L=3;43;62;L=4;62;90;
425;L=3;48;78;L=4;78;129;
426;L=3;52;83;L=4;83;135;
427;L=3;61;104;L=4;104;180;
428;L=3;60;106;L=4;106;191;
429;L=3;64;111;L=4;111;197;
430;L=3;66;116;L=4;116;205;
431;L=3;32;46;L=4;46;69;
432;L=3;36;51;L=4;51;75;
433;L=3;41;67;L=4;67;114;
434;L=3;45;72;L=4;72;120;
435;L=3;50;88;L=4;88;159;
436;L=3;54;93;L=4;93;165;
437;L=3;57;99;L=4;99;174;
438;L=3;39;57;L=4;57;84;
439;L=3;43;62;L=4;62;90;
440;L=3;48;78;L=4;78;129;
441;L=3;52;83;L=4;83;135;
442;L=3;61;104;L=4;104;180;
443;L=3;60;106;L=4;106;191;
444;L=3;64;111;L=4;111;197;
445;L=3;59;104;L=4;104;182;
446;L=3;25;30;L=4;30;32;
447;L=3;29;35;L=4;35;38;
448;L=3;34;51;L=4;51;77;
449;L=3;38;56;L=4;56;83;
450;L=3;43;72;L=4;72;122;
451;L=3;47;77;L=4;77;128;
452;L=3;52;93;L=4;93;167;
453;L=3;34;51;L=4;51;77;
454;L=3;38;56;L=4;56;83;
455;L=3;43;72;L=4;72;122;
456;L=3;47;77;L=4;77;128;
457;L=3;56;98;L=4;98;173;
458;L=3;63;109;L=4;109;188;
459;L=3;41;62;L=4;62;92;
460;L=3;45;67;L=4;67;98;
461;L=3;50;83;L=4;83;137;
462;L=3;54;88;L=4;88;143;
463;L=3;63;112;L=4;112;200;
464;L=3;28;31;L=4;31;31;
465;L=3;33;47;L=4;47;70;
466;L=3;37;52;L=4;52;76;
467;L=3;42;68;L=4;68;115;
468;L=3;46;73;L=4;73;121;
469;L=3;51;89;L=4;89;160;
470;L=3;37;52;L=4;52;76;
471;L=3;42;68;L=4;68;115;
472;L=3;46;73;L=4;73;121;
473;L=3;55;94;L=4;94;166;
474;L=3;58;100;L=4;100;175;
475;L=3;44;63;L=4;63;91;
476;L=3;49;79;L=4;79;130;
477;L=3;53;84;L=4;84;136;
478;L=3;62;105;L=4;105;181;
479;L=3;61;107;L=4;107;192;
480;L=3;65;112;L=4;112;198;
481;L=3;67;117;L=4;117;206;
482;L=3;33;47;L=4;47;70;
483;L=3;37;52;L=4;52;76;
484;L=3;42;68;L=4;68;115;
485;L=3;46;73;L=4;73;121;
486;L=3;51;89;L=4;89;160;
487;L=3;55;94;L=4;94;166;
488;L=3;58;100;L=4;100;175;
489;L=3;40;58;L=4;58;85;
490;L=3;44;63;L=4;63;91;
491;L=3;49;79;L=4;79;130;
492;L=3;53;84;L=4;84;136;
493;L=3;62;105;L=4;105;181;
494;L=3;61;107;L=4;107;192;
495;L=3;65;112;L=4;112;198;
496;L=3;60;105;L=4;105;183;
497;L=3;26;31;L=4;31;33;
498;L=3;30;36;L=4;36;39;
499;L=3;35;52;L=4;52;78;
500;L=3;39;57;L=4;57;84;
501;L=3;44;73;L=4;73;123;
502;L=3;48;78;L=4;78;129;
503;L=3;53;94;L=4;94;168;
504;L=3;35;52;L=4;52;78;
505;L=3;39;57;L=4;57;84;
506;L=3;44;73;L=4;73;123;
507;L=3;48;78;L=4;78;129;
508;L=3;57;99;L=4;99;174;
509;L=3;64;110;L=4;110;189;
510;L=3;42;63;L=4;63;93;
511;L=3;46;68;L=4;68;99;
512;L=3;51;84;L=4;84;138;
513;L=3;55;89;L=4;89;144;
514;L=3;69;119;L=4;119;208;
515;L=3;24;26;L=4;26;26;
516;L=3;29;42;L=4;42;65;
517;L=3;33;47;L=4;47;71;
518;L=3;38;63;L=4;63;110;
519;L=3;42;68;L=4;68;116;
520;L=3;47;84;L=4;84;155;
521;L=3;33;47;L=4;47;71;
522;L=3;38;63;L=4;63;110;
523;L=3;42;68;L=4;68;116;
524;L=3;51;89;L=4;89;161;
525;L=3;54;95;L=4;95;170;
526;L=3;40;58;L=4;58;86;
527;L=3;45;74;L=4;74;125;
528;L=3;49;79;L=4;79;131;
529;L=3;58;100;L=4;100;176;
530;L=3;57;102;L=4;102;187;
531;L=3;61;107;L=4;107;193;
532;L=3;59;107;L=4;107;195;
533;L=3;29;42;L=4;42;65;
534;L=3;33;47;L=4;47;71;
535;L=3;38;63;L=4;63;110;
536;L=3;42;68;L=4;68;116;
537;L=3;47;84;L=4;84;155;
538;L=3;51;89;L=4;89;161;
539;L=3;54;95;L=4;95;170;
540;L=3;36;53;L=4;53;80;
541;L=3;40;58;L=4;58;86;
542;L=3;45;74;L=4;74;125;
543;L=3;49;79;L=4;79;131;
544;L=3;58;100;L=4;100;176;
545;L=3;57;102;L=4;102;187;
546;L=3;61;107;L=4;107;193;
547;L=3;63;112;L=4;112;201;
548;L=3;17;18;L=4;18;17;
549;L=3;22;26;L=4;26;28;
550;L=3;26;31;L=4;31;34;
551;L=3;35;52;L=4;52;79;
552;L=3;31;47;L=4;47;73;
553;L=3;40;68;L=4;68;118;
554;L=3;44;73;L=4;73;124;
555;L=3;49;89;L=4;89;163;
556;L=3;31;47;L=4;47;73;
557;L=3;35;52;L=4;52;79;
558;L=3;40;68;L=4;68;118;
559;L=3;44;73;L=4;73;124;
560;L=3;53;94;L=4;94;169;
561;L=3;56;100;L=4;100;178;
562;L=3;38;58;L=4;58;88;
563;L=3;42;63;L=4;63;94;
564;L=3;47;79;L=4;79;133;
565;L=3;51;84;L=4;84;139;
566;L=3;60;105;L=4;105;184;
567;L=3;64;113;L=4;113;201;
568;L=3;29;32;L=4;32;32;
569;L=3;34;48;L=4;48;71;
570;L=3;38;53;L=4;53;77;
571;L=3;43;69;L=4;69;116;
572;L=3;47;74;L=4;74;122;
573;L=3;52;90;L=4;90;161;
574;L=3;38;53;L=4;53;77;
575;L=3;43;69;L=4;69;116;
576;L=3;47;74;L=4;74;122;
577;L=3;56;95;L=4;95;167;
578;L=3;59;101;L=4;101;176;
579;L=3;45;64;L=4;64;92;
580;L=3;50;80;L=4;80;131;
581;L=3;54;85;L=4;85;137;
582;L=3;63;106;L=4;106;182;
583;L=3;62;108;L=4;108;193;
584;L=3;66;113;L=4;113;199;
585;L=3;68;118;L=4;118;207;
586;L=3;34;48;L=4;48;71;
587;L=3;38;53;L=4;53;77;
588;L=3;43;69;L=4;69;116;
589;L=3;47;74;L=4;74;122;
590;L=3;52;90;L=4;90;161;
591;L=3;56;95;L=4;95;167;
592;L=3;59;101;L=4;101;176;
593;L=3;41;59;L=4;59;86;
594;L=3;45;64;L=4;64;92;
595;L=3;50;80;L=4;80;131;
596;L=3;54;85;L=4;85;137;
597;L=3;63;106;L=4;106;182;
598;L=3;62;108;L=4;108;193;
599;L=3;66;113;L=4;113;199;
600;L=3;61;106;L=4;106;184;
601;L=3;27;32;L=4;32;34;
602;L=3;31;37;L=4;37;40;
603;L=3;36;53;L=4;53;79;
604;L=3;40;58;L=4;58;85;
605;L=3;45;74;L=4;74;124;
606;L=3;49;79;L=4;79;130;
607;L=3;54;95;L=4;95;169;
608;L=3;36;53;L=4;53;79;
609;L=3;40;58;L=4;58;85;
610;L=3;45;74;L=4;74;124;
611;L=3;49;79;L=4;79;130;
612;L=3;58;100;L=4;100;175;
613;L=3;65;111;L=4;111;190;
614;L=3;43;64;L=4;64;94;
615;L=3;47;69;L=4;69;100;
616;L=3;52;85;L=4;85;139;
617;L=3;56;90;L=4;90;145;
618;L=3;63;109;L=4;109;194;
619;L=3;30;33;L=4;33;33;
620;L=3;35;49;L=4;49;72;
621;L=3;39;54;L=4;54;78;
622;L=3;44;70;L=4;70;117;
623;L=3;48;75;L=4;75;123;
624;L=3;53;91;L=4;91;162;
625;L=3;39;54;L=4;54;78;
626;L=3;44;70;L=4;70;117;
627;L=3;48;75;L=4;75;123;
628;L=3;57;96;L=4;96;168;
629;L=3;60;102;L=4;102;177;
630;L=3;46;65;L=4;65;93;
631;L=3;51;81;L=4;81;132;
632;L=3;55;86;L=4;86;138;
633;L=3;64;107;L=4;107;183;
634;L=3;67;114;L=4;114;200;
635;L=3;63;109;L=4;109;194;
636;L=3;35;49;L=4;49;72;
637;L=3;39;54;L=4;54;78;
638;L=3;44;70;L=4;70;117;
639;L=3;48;75;L=4;75;123;
640;L=3;53;91;L=4;91;162;
641;L=3;57;96;L=4;96;168;
642;L=3;60;102;L=4;102;177;
643;L=3;42;60;L=4;60;87;
644;L=3;46;65;L=4;65;93;
645;L=3;51;81;L=4;81;132;
646;L=3;55;86;L=4;86;138;
647;L=3;64;107;L=4;107;183;
648;L=3;67;114;L=4;114;200;
649;L=3;62;107;L=4;107;185;
650;L=3;28;33;L=4;33;35;
651;L=3;32;38;L=4;38;41;
652;L=3;37;54;L=4;54;80;
653;L=3;41;59;L=4;59;86;
654;L=3;46;75;L=4;75;125;
655;L=3;50;80;L=4;80;131;
656;L=3;55;96;L=4;96;170;
657;L=3;37;54;L=4;54;80;
658;L=3;41;59;L=4;59;86;
659;L=3;46;75;L=4;75;125;
660;L=3;50;80;L=4;80;131;
661;L=3;59;101;L=4;101;176;
662;L=3;66;112;L=4;112;191;
663;L=3;44;65;L=4;65;95;
664;L=3;48;70;L=4;70;101;
665;L=3;53;86;L=4;86;140;
666;L=3;57;91;L=4;91;146;
667;L=3;62;107;L=4;107;185;
668;L=3;25;28;L=4;28;28;
669;L=3;30;44;L=4;44;67;
670;L=3;34;49;L=4;49;73;
671;L=3;39;65;L=4;65;112;
672;L=3;43;70;L=4;70;118;
673;L=3;48;86;L=4;86;157;
674;L=3;34;49;L=4;49;73;
675;L=3;39;65;L=4;65;112;
676;L=3;43;70;L=4;70;118;
677;L=3;52;91;L=4;91;163;
678;L=3;55;97;L=4;97;172;
679;L=3;41;60;L=4;60;88;
680;L=3;46;76;L=4;76;127;
681;L=3;50;81;L=4;81;133;
682;L=3;59;102;L=4;102;178;
683;L=3;58;104;L=4;104;189;
684;L=3;62;109;L=4;109;195;
685;L=3;60;107;L=4;107;193;
686;L=3;30;44;L=4;44;67;
687;L=3;34;49;L=4;49;73;
688;L=3;39;65;L=4;65;112;
689;L=3;43;70;L=4;70;118;
690;L=3;48;86;L=4;86;157;
691;L=3;52;91;L=4;91;163;
692;L=3;55;97;L=4;97;172;
693;L=3;37;55;L=4;55;82;
694;L=3;41;60;L=4;60;88;
695;L=3;46;76;L=4;76;127;
696;L=3;50;81;L=4;81;133;
697;L=3;59;102;L=4;102;178;
698;L=3;58;104;L=4;104;189;
699;L=3;62;109;L=4;109;195;
700;L=3;64;112;L=4;112;199;
701;L=3;23;26;L=4;26;26;
702;L=3;27;31;L=4;31;32;
703;L=3;32;47;L=4;47;71;
704;L=3;36;52;L=4;52;77;
705;L=3;41;68;L=4;68;116;
706;L=3;45;73;L=4;73;122;
707;L=3;50;89;L=4;89;161;
708;L=3;32;47;L=4;47;71;
709;L=3;36;52;L=4;52;77;
710;L=3;41;68;L=4;68;116;
711;L=3;45;73;L=4;73;122;
712;L=3;54;94;L=4;94;167;
713;L=3;57;100;L=4;100;176;
714;L=3;39;58;L=4;58;86;
715;L=3;43;63;L=4;63;92;
716;L=3;48;79;L=4;79;131;
717;L=3;52;84;L=4;84;137;
718;L=3;61;105;L=4;105;182;
719;L=3;61;108;L=4;108;194;
720;L=3;26;29;L=4;29;29;
721;L=3;31;45;L=4;45;68;
722;L=3;35;50;L=4;50;74;
723;L=3;40;66;L=4;66;113;
724;L=3;44;71;L=4;71;119;
725;L=3;49;87;L=4;87;158;
726;L=3;35;50;L=4;50;74;
727;L=3;40;66;L=4;66;113;
728;L=3;44;71;L=4;71;119;
729;L=3;53;92;L=4;92;164;
730;L=3;56;98;L=4;98;173;
731;L=3;42;61;L=4;61;89;
732;L=3;47;77;L=4;77;128;
733;L=3;51;82;L=4;82;134;
734;L=3;60;103;L=4;103;179;
735;L=3;59;105;L=4;105;190;
736;L=3;63;110;L=4;110;196;
737;L=3;65;113;L=4;113;200;
738;L=3;31;45;L=4;45;68;
739;L=3;35;50;L=4;50;74;
740;L=3;40;66;L=4;66;113;
741;L=3;44;71;L=4;71;119;
742;L=3;49;87;L=4;87;158;
743;L=3;53;92;L=4;92;164;
744;L=3;56;98;L=4;98;173;
745;L=3;38;56;L=4;56;83;
746;L=3;42;61;L=4;61;89;
747;L=3;47;77;L=4;77;128;
748;L=3;51;82;L=4;82;134;
749;L=3;60;103;L=4;103;179;
750;L=3;59;105;L=4;105;190;
751;L=3;63;110;L=4;110;196;
752;L=3;58;101;L=4;101;177;
753;L=3;24;27;L=4;27;27;
754;L=3;28;32;L=4;32;33;
755;L=3;33;48;L=4;48;72;
756;L=3;37;53;L=4;53;78;
757;L=3;42;69;L=4;69;117;
758;L=3;46;74;L=4;74;123;
759;L=3;51;90;L=4;90;162;
760;L=3;33;48;L=4;48;72;
761;L=3;37;53;L=4;53;78;
762;L=3;42;69;L=4;69;117;
763;L=3;46;74;L=4;74;123;
764;L=3;55;95;L=4;95;168;
765;L=3;62;106;L=4;106;183;
766;L=3;40;59;L=4;59;87;
767;L=3;44;64;L=4;64;93;
768;L=3;49;80;L=4;80;132;
769;L=3;53;85;L=4;85;138;
770;L=3;65;115;L=4;115;203;
771;L=3;29;33;L=4;33;33;
772;L=3;34;49;L=4;49;72;
773;L=3;38;54;L=4;54;78;
774;L=3;43;70;L=4;70;117;
775;L=3;47;75;L=4;75;123;
776;L=3;52;91;L=4;91;162;
777;L=3;38;54;L=4;54;78;
778;L=3;43;70;L=4;70;117;
779;L=3;47;75;L=4;75;123;
780;L=3;56;96;L=4;96;168;
781;L=3;59;102;L=4;102;177;
782;L=3;45;65;L=4;65;93;
783;L=3;50;81;L=4;81;132;
784;L=3;54;86;L=4;86;138;
785;L=3;63;107;L=4;107;183;
786;L=3;62;109;L=4;109;194;
787;L=3;66;114;L=4;114;200;
788;L=3;64;114;L=4;114;202;
789;L=3;34;49;L=4;49;72;
790;L=3;38;54;L=4;54;78;
791;L=3;43;70;L=4;70;117;
792;L=3;47;75;L=4;75;123;
793;L=3;52;91;L=4;91;162;
794;L=3;56;96;L=4;96;168;
795;L=3;59;102;L=4;102;177;
796;L=3;41;60;L=4;60;87;
797;L=3;45;65;L=4;65;93;
798;L=3;50;81;L=4;81;132;
799;L=3;54;86;L=4;86;138;
800;L=3;63;107;L=4;107;183;
801;L=3;62;109;L=4;109;194;
802;L=3;66;114;L=4;114;200;
803;L=3;68;119;L=4;119;208;
804;L=3;27;33;L=4;33;35;
805;L=3;31;38;L=4;38;41;
806;L=3;36;54;L=4;54;80;
807;L=3;40;59;L=4;59;86;
808;L=3;45;75;L=4;75;125;
809;L=3;49;80;L=4;80;131;
810;L=3;54;96;L=4;96;170;
811;L=3;36;54;L=4;54;80;
812;L=3;40;59;L=4;59;86;
813;L=3;45;75;L=4;75;125;
814;L=3;49;80;L=4;80;131;
815;L=3;58;101;L=4;101;176;
816;L=3;61;107;L=4;107;185;
817;L=3;43;65;L=4;65;95;
818;L=3;47;70;L=4;70;101;
819;L=3;52;86;L=4;86;140;
820;L=3;56;91;L=4;91;146;
821;L=3;65;112;L=4;112;191;
822;L=3;69;120;L=4;120;209;
823;L=3;30;34;L=4;34;34;
824;L=3;35;50;L=4;50;73;
825;L=3;39;55;L=4;55;79;
826;L=3;44;71;L=4;71;118;
827;L=3;48;76;L=4;76;124;
828;L=3;53;92;L=4;92;163;
829;L=3;39;55;L=4;55;79;
830;L=3;44;71;L=4;71;118;
831;L=3;48;76;L=4;76;124;
832;L=3;57;97;L=4;97;169;
833;L=3;60;103;L=4;103;178;
834;L=3;46;66;L=4;66;94;
835;L=3;51;82;L=4;82;133;
836;L=3;55;87;L=4;87;139;
837;L=3;64;108;L=4;108;184;
838;L=3;63;110;L=4;110;195;
839;L=3;67;115;L=4;115;201;
840;L=3;63;110;L=4;110;195;
841;L=3;35;50;L=4;50;73;
842;L=3;39;55;L=4;55;79;
843;L=3;44;71;L=4;71;118;
844;L=3;48;76;L=4;76;124;
845;L=3;53;92;L=4;92;163;
846;L=3;57;97;L=4;97;169;
847;L=3;60;103;L=4;103;178;
848;L=3;42;61;L=4;61;88;
849;L=3;46;66;L=4;66;94;
850;L=3;51;82;L=4;82;133;
851;L=3;55;87;L=4;87;139;
852;L=3;64;108;L=4;108;184;
853;L=3;67;115;L=4;115;201;
854;L=3;62;108;L=4;108;186;
855;L=3;28;34;L=4;34;36;
856;L=3;32;39;L=4;39;42;
857;L=3;37;55;L=4;55;81;
858;L=3;41;60;L=4;60;87;
859;L=3;46;76;L=4;76;126;
860;L=3;50;81;L=4;81;132;
861;L=3;55;97;L=4;97;171;
862;L=3;37;55;L=4;55;81;
863;L=3;41;60;L=4;60;87;
864;L=3;46;76;L=4;76;126;
865;L=3;50;81;L=4;81;132;
866;L=3;59;102;L=4;102;177;
867;L=3;66;113;L=4;113;192;
868;L=3;44;66;L=4;66;96;
869;L=3;48;71;L=4;71;102;
870;L=3;53;87;L=4;87;141;
871;L=3;57;92;L=4;92;147;
872;L=3;67;117;L=4;117;205;
873;L=3;26;29;L=4;29;29;
874;L=3;31;45;L=4;45;68;
875;L=3;35;50;L=4;50;74;
876;L=3;40;66;L=4;66;113;
877;L=3;44;71;L=4;71;119;
878;L=3;49;87;L=4;87;158;
879;L=3;35;50;L=4;50;74;
880;L=3;40;66;L=4;66;113;
881;L=3;44;71;L=4;71;119;
882;L=3;53;92;L=4;92;164;
883;L=3;56;98;L=4;98;173;
884;L=3;42;61;L=4;61;89;
885;L=3;47;77;L=4;77;128;
886;L=3;51;82;L=4;82;134;
887;L=3;60;103;L=4;103;179;
888;L=3;59;105;L=4;105;190;
889;L=3;63;110;L=4;110;196;
890;L=3;61;110;L=4;110;198;
891;L=3;31;45;L=4;45;68;
892;L=3;35;50;L=4;50;74;
893;L=3;40;66;L=4;66;113;
894;L=3;44;71;L=4;71;119;
895;L=3;49;87;L=4;87;158;
896;L=3;53;92;L=4;92;164;
897;L=3;56;98;L=4;98;173;
898;L=3;38;56;L=4;56;83;
899;L=3;42;61;L=4;61;89;
900;L=3;47;77;L=4;77;128;
901;L=3;51;82;L=4;82;134;
902;L=3;60;103;L=4;103;179;
903;L=3;59;105;L=4;105;190;
904;L=3;63;110;L=4;110;196;
905;L=3;65;115;L=4;115;204;
906;L=3;19;21;L=4;21;20;
907;L=3;24;29;L=4;29;31;
908;L=3;28;34;L=4;34;37;
909;L=3;37;55;L=4;55;82;
910;L=3;33;50;L=4;50;76;
911;L=3;42;71;L=4;71;121;
912;L=3;46;76;L=4;76;127;
913;L=3;51;92;L=4;92;166;
914;L=3;33;50;L=4;50;76;
915;L=3;37;55;L=4;55;82;
916;L=3;42;71;L=4;71;121;
917;L=3;46;76;L=4;76;127;
918;L=3;55;97;L=4;97;172;
919;L=3;58;103;L=4;103;181;
920;L=3;40;61;L=4;61;91;
921;L=3;44;66;L=4;66;97;
922;L=3;49;82;L=4;82;136;
923;L=3;53;87;L=4;87;142;
924;L=3;62;108;L=4;108;187;
925;L=3;66;116;L=4;116;204;
926;L=3;31;35;L=4;35;35;
927;L=3;36;51;L=4;51;74;
928;L=3;40;56;L=4;56;80;
929;L=3;45;72;L=4;72;119;
930;L=3;49;77;L=4;77;125;
931;L=3;54;93;L=4;93;164;
932;L=3;40;56;L=4;56;80;
933;L=3;45;72;L=4;72;119;
934;L=3;49;77;L=4;77;125;
935;L=3;58;98;L=4;98;170;
936;L=3;61;104;L=4;104;179;
937;L=3;47;67;L=4;67;95;
938;L=3;52;83;L=4;83;134;
939;L=3;56;88;L=4;88;140;
940;L=3;65;109;L=4;109;185;
941;L=3;64;111;L=4;111;196;
942;L=3;68;116;L=4;116;202;
943;L=3;70;121;L=4;121;210;
944;L=3;36;51;L=4;51;74;
945;L=3;40;56;L=4;56;80;
946;L=3;45;72;L=4;72;119;
947;L=3;49;77;L=4;77;125;
948;L=3;54;93;L=4;93;164;
949;L=3;58;98;L=4;98;170;
950;L=3;61;104;L=4;104;179;
951;L=3;43;62;L=4;62;89;
952;L=3;47;67;L=4;67;95;
953;L=3;52;83;L=4;83;134;
954;L=3;56;88;L=4;88;140;
955;L=3;65;109;L=4;109;185;
956;L=3;64;111;L=4;111;196;
957;L=3;68;116;L=4;116;202;
958;L=3;63;109;L=4;109;187;
959;L=3;29;35;L=4;35;37;
960;L=3;33;40;L=4;40;43;
961;L=3;38;56;L=4;56;82;
962;L=3;42;61;L=4;61;88;
963;L=3;47;77;L=4;77;127;
964;L=3;51;82;L=4;82;133;
965;L=3;56;98;L=4;98;172;
966;L=3;38;56;L=4;56;82;
967;L=3;42;61;L=4;61;88;
968;L=3;47;77;L=4;77;127;
969;L=3;51;82;L=4;82;133;
970;L=3;60;103;L=4;103;178;
971;L=3;67;114;L=4;114;193;
972;L=3;45;67;L=4;67;97;
973;L=3;49;72;L=4;72;103;
974;L=3;54;88;L=4;88;142;
975;L=3;58;93;L=4;93;148;
976;L=3;71;122;L=4;122;211;
977;L=3;32;36;L=4;36;36;
978;L=3;37;52;L=4;52;75;
979;L=3;41;57;L=4;57;81;
980;L=3;46;73;L=4;73;120;
981;L=3;50;78;L=4;78;126;
982;L=3;55;94;L=4;94;165;
983;L=3;41;57;L=4;57;81;
984;L=3;46;73;L=4;73;120;
985;L=3;50;78;L=4;78;126;
986;L=3;59;99;L=4;99;171;
987;L=3;62;105;L=4;105;180;
988;L=3;48;68;L=4;68;96;
989;L=3;53;84;L=4;84;135;
990;L=3;57;89;L=4;89;141;
991;L=3;66;110;L=4;110;186;
992;L=3;65;112;L=4;112;197;
993;L=3;69;117;L=4;117;203;
994;L=3;65;112;L=4;112;197;
995;L=3;37;52;L=4;52;75;
996;L=3;41;57;L=4;57;81;
997;L=3;46;73;L=4;73;120;
998;L=3;50;78;L=4;78;126;
999;L=3;55;94;L=4;94;165;
1000;L=3;59;99;L=4;99;171;
1001;L=3;62;105;L=4;105;180;
1002;L=3;44;63;L=4;63;90;
1003;L=3;48;68;L=4;68;96;
1004;L=3;53;84;L=4;84;135;
1005;L=3;57;89;L=4;89;141;
1006;L=3;66;110;L=4;110;186;
1007;L=3;69;117;L=4;117;203;
1008;L=3;64;110;L=4;110;188;
1009;L=3;30;36;L=4;36;38;
1010;L=3;34;41;L=4;41;44;
1011;L=3;39;57;L=4;57;83;
1012;L=3;43;62;L=4;62;89;
1013;L=3;48;78;L=4;78;128;
1014;L=3;52;83;L=4;83;134;
1015;L=3;57;99;L=4;99;173;
1016;L=3;39;57;L=4;57;83;
1017;L=3;43;62;L=4;62;89;
1018;L=3;48;78;L=4;78;128;
1019;L=3;52;83;L=4;83;134;
1020;L=3;61;104;L=4;104;179;
1021;L=3;68;115;L=4;115;194;
1022;L=3;46;68;L=4;68;98;
1023;L=3;50;73;L=4;73;104;
1024;L=3;55;89;L=4;89;143;
1025;L=3;59;94;L=4;94;149;
1026;L=3;68;118;L=4;118;206;
1027;L=3;25;28;L=4;28;28;
1028;L=3;30;44;L=4;44;67;
1029;L=3;34;49;L=4;49;73;
1030;L=3;39;65;L=4;65;112;
1031;L=3;43;70;L=4;70;118;
1032;L=3;48;86;L=4;86;157;
1033;L=3;34;49;L=4;49;73;
1034;L=3;39;65;L=4;65;112;
1035;L=3;43;70;L=4;70;118;
1036;L=3;52;91;L=4;91;163;
1037;L=3;55;97;L=4;97;172;
1038;L=3;41;60;L=4;60;88;
1039;L=3;46;76;L=4;76;127;
1040;L=3;50;81;L=4;81;133;
1041;L=3;59;102;L=4;102;178;
1042;L=3;58;104;L=4;104;189;
1043;L=3;62;109;L=4;109;195;
1044;L=3;60;109;L=4;109;197;
1045;L=3;30;44;L=4;44;67;
1046;L=3;34;49;L=4;49;73;
1047;L=3;39;65;L=4;65;112;
1048;L=3;43;70;L=4;70;118;
1049;L=3;48;86;L=4;86;157;
1050;L=3;52;91;L=4;91;163;
1051;L=3;55;97;L=4;97;172;
1052;L=3;37;55;L=4;55;82;
1053;L=3;41;60;L=4;60;88;
1054;L=3;46;76;L=4;76;127;
1055;L=3;50;81;L=4;81;133;
1056;L=3;59;102;L=4;102;178;
1057;L=3;58;104;L=4;104;189;
1058;L=3;62;109;L=4;109;195;
1059;L=3;64;114;L=4;114;203;
1060;L=3;18;20;L=4;20;19;
1061;L=3;23;28;L=4;28;30;
1062;L=3;27;33;L=4;33;36;
1063;L=3;36;54;L=4;54;81;
1064;L=3;32;49;L=4;49;75;
1065;L=3;41;70;L=4;70;120;
1066;L=3;45;75;L=4;75;126;
1067;L=3;50;91;L=4;91;165;
1068;L=3;32;49;L=4;49;75;
1069;L=3;36;54;L=4;54;81;
1070;L=3;41;70;L=4;70;120;
1071;L=3;45;75;L=4;75;126;
1072;L=3;54;96;L=4;96;171;
1073;L=3;57;102;L=4;102;180;
1074;L=3;39;60;L=4;60;90;
1075;L=3;43;65;L=4;65;96;
1076;L=3;48;81;L=4;81;135;
1077;L=3;52;86;L=4;86;141;
1078;L=3;61;107;L=4;107;186;
1079;L=3;65;115;L=4;115;203;
1080;L=3;30;34;L=4;34;34;
1081;L=3;35;50;L=4;50;73;
1082;L=3;39;55;L=4;55;79;
1083;L=3;44;71;L=4;71;118;
1084;L=3;48;76;L=4;76;124;
1085;L=3;53;92;L=4;92;163;
1086;L=3;39;55;L=4;55;79;
1087;L=3;44;71;L=4;71;118;
1088;L=3;48;76;L=4;76;124;
1089;L=3;57;97;L=4;97;169;
1090;L=3;60;103;L=4;103;178;
1091;L=3;46;66;L=4;66;94;
1092;L=3;51;82;L=4;82;133;
1093;L=3;55;87;L=4;87;139;
1094;L=3;64;108;L=4;108;184;
1095;L=3;63;110;L=4;110;195;
1096;L=3;67;115;L=4;115;201;
1097;L=3;69;120;L=4;120;209;
1098;L=3;35;50;L=4;50;73;
1099;L=3;39;55;L=4;55;79;
1100;L=3;44;71;L=4;71;118;
1101;L=3;48;76;L=4;76;124;
1102;L=3;53;92;L=4;92;163;
1103;L=3;57;97;L=4;97;169;
1104;L=3;60;103;L=4;103;178;
1105;L=3;42;61;L=4;61;88;
1106;L=3;46;66;L=4;66;94;
1107;L=3;51;82;L=4;82;133;
1108;L=3;55;87;L=4;87;139;
1109;L=3;64;108;L=4;108;184;
1110;L=3;63;110;L=4;110;195;
1111;L=3;67;115;L=4;115;201;
1112;L=3;62;108;L=4;108;186;
1113;L=3;28;34;L=4;34;36;
1114;L=3;32;39;L=4;39;42;
1115;L=3;37;55;L=4;55;81;
1116;L=3;41;60;L=4;60;87;
1117;L=3;46;76;L=4;76;126;
1118;L=3;50;81;L=4;81;132;
1119;L=3;55;97;L=4;97;171;
1120;L=3;37;55;L=4;55;81;
1121;L=3;41;60;L=4;60;87;
1122;L=3;46;76;L=4;76;126;
1123;L=3;50;81;L=4;81;132;
1124;L=3;59;102;L=4;102;177;
1125;L=3;66;113;L=4;113;192;
1126;L=3;44;66;L=4;66;96;
1127;L=3;48;71;L=4;71;102;
1128;L=3;53;87;L=4;87;141;
1129;L=3;57;92;L=4;92;147;
1130;L=3;66;116;L=4;116;204;
1131;L=3;31;35;L=4;35;35;
1132;L=3;36;51;L=4;51;74;
1133;L=3;40;56;L=4;56;80;
1134;L=3;45;72;L=4;72;119;
1135;L=3;49;77;L=4;77;125;
1136;L=3;54;93;L=4;93;164;
1137;L=3;40;56;L=4;56;80;
1138;L=3;45;72;L=4;72;119;
1139;L=3;49;77;L=4;77;125;
1140;L=3;58;98;L=4;98;170;
1141;L=3;61;104;L=4;104;179;
1142;L=3;47;67;L=4;67;95;
1143;L=3;52;83;L=4;83;134;
1144;L=3;56;88;L=4;88;140;
1145;L=3;65;109;L=4;109;185;
1146;L=3;64;111;L=4;111;196;
1147;L=3;68;116;L=4;116;202;
1148;L=3;70;121;L=4;121;210;
1149;L=3;36;51;L=4;51;74;
1150;L=3;40;56;L=4;56;80;
1151;L=3;45;72;L=4;72;119;
1152;L=3;49;77;L=4;77;125;
1153;L=3;54;93;L=4;93;164;
1154;L=3;58;98;L=4;98;170;
1155;L=3;61;104;L=4;104;179;
1156;L=3;43;62;L=4;62;89;
1157;L=3;47;67;L=4;67;95;
1158;L=3;52;83;L=4;83;134;
1159;L=3;56;88;L=4;88;140;
1160;L=3;65;109;L=4;109;185;
1161;L=3;64;111;L=4;111;196;
1162;L=3;68;116;L=4;116;202;
1163;L=3;63;109;L=4;109;187;
1164;L=3;29;35;L=4;35;37;
1165;L=3;33;40;L=4;40;43;
1166;L=3;38;56;L=4;56;82;
1167;L=3;42;61;L=4;61;88;
1168;L=3;47;77;L=4;77;127;
1169;L=3;51;82;L=4;82;133;
1170;L=3;56;98;L=4;98;172;
1171;L=3;38;56;L=4;56;82;
1172;L=3;42;61;L=4;61;88;
1173;L=3;47;77;L=4;77;127;
1174;L=3;51;82;L=4;82;133;
1175;L=3;60;103;L=4;103;178;
1176;L=3;67;114;L=4;114;193;
1177;L=3;45;67;L=4;67;97;
1178;L=3;49;72;L=4;72;103;
1179;L=3;54;88;L=4;88;142;
1180;L=3;58;93;L=4;93;148;
1181;L=3;72;123;L=4;123;212;
1182;L=3;27;30;L=4;30;30;
1183;L=3;32;46;L=4;46;69;
1184;L=3;36;51;L=4;51;75;
1185;L=3;41;67;L=4;67;114;
1186;L=3;45;72;L=4;72;120;
1187;L=3;50;88;L=4;88;159;
1188;L=3;36;51;L=4;51;75;
1189;L=3;41;67;L=4;67;114;
1190;L=3;45;72;L=4;72;120;
1191;L=3;54;93;L=4;93;165;
1192;L=3;57;99;L=4;99;174;
1193;L=3;43;62;L=4;62;90;
1194;L=3;48;78;L=4;78;129;
1195;L=3;52;83;L=4;83;135;
1196;L=3;61;104;L=4;104;180;
1197;L=3;60;106;L=4;106;191;
1198;L=3;64;111;L=4;111;197;
1199;L=3;62;111;L=4;111;199;
1200;L=3;32;46;L=4;46;69;
1201;L=3;36;51;L=4;51;75;
1202;L=3;41;67;L=4;67;114;
1203;L=3;45;72;L=4;72;120;
1204;L=3;50;88;L=4;88;159;
1205;L=3;54;93;L=4;93;165;
1206;L=3;57;99;L=4;99;174;
1207;L=3;39;57;L=4;57;84;
1208;L=3;43;62;L=4;62;90;
1209;L=3;48;78;L=4;78;129;
1210;L=3;52;83;L=4;83;135;
1211;L=3;61;104;L=4;104;180;
1212;L=3;60;106;L=4;106;191;
1213;L=3;64;111;L=4;111;197;
1214;L=3;66;116;L=4;116;205;
1215;L=3;20;22;L=4;22;21;
1216;L=3;25;30;L=4;30;32;
1217;L=3;29;35;L=4;35;38;
1218;L=3;38;56;L=4;56;83;
1219;L=3;34;51;L=4;51;77;
1220;L=3;43;72;L=4;72;122;
1221;L=3;47;77;L=4;77;128;
1222;L=3;52;93;L=4;93;167;
1223;L=3;34;51;L=4;51;77;
1224;L=3;38;56;L=4;56;83;
1225;L=3;43;72;L=4;72;122;
1226;L=3;47;77;L=4;77;128;
1227;L=3;56;98;L=4;98;173;
1228;L=3;59;104;L=4;104;182;
1229;L=3;41;62;L=4;62;92;
1230;L=3;45;67;L=4;67;98;
1231;L=3;50;83;L=4;83;137;
1232;L=3;54;88;L=4;88;143;
1233;L=3;63;109;L=4;109;188;
1234;L=3;67;117;L=4;117;205;
1235;L=3;32;36;L=4;36;36;
1236;L=3;37;52;L=4;52;75;
1237;L=3;41;57;L=4;57;81;
1238;L=3;46;73;L=4;73;120;
1239;L=3;50;78;L=4;78;126;
1240;L=3;55;94;L=4;94;165;
1241;L=3;41;57;L=4;57;81;
1242;L=3;46;73;L=4;73;120;
1243;L=3;50;78;L=4;78;126;
1244;L=3;59;99;L=4;99;171;
1245;L=3;62;105;L=4;105;180;
1246;L=3;48;68;L=4;68;96;
1247;L=3;53;84;L=4;84;135;
1248;L=3;57;89;L=4;89;141;
1249;L=3;66;110;L=4;110;186;
1250;L=3;65;112;L=4;112;197;
1251;L=3;69;117;L=4;117;203;
1252;L=3;71;122;L=4;122;211;
1253;L=3;37;52;L=4;52;75;
1254;L=3;41;57;L=4;57;81;
1255;L=3;46;73;L=4;73;120;
1256;L=3;50;78;L=4;78;126;
1257;L=3;55;94;L=4;94;165;
1258;L=3;59;99;L=4;99;171;
1259;L=3;62;105;L=4;105;180;
1260;L=3;44;63;L=4;63;90;
1261;L=3;48;68;L=4;68;96;
1262;L=3;53;84;L=4;84;135;
1263;L=3;57;89;L=4;89;141;
1264;L=3;66;110;L=4;110;186;
1265;L=3;65;112;L=4;112;197;
1266;L=3;69;117;L=4;117;203;
1267;L=3;64;110;L=4;110;188;
1268;L=3;30;36;L=4;36;38;
1269;L=3;34;41;L=4;41;44;
1270;L=3;39;57;L=4;57;83;
1271;L=3;43;62;L=4;62;89;
1272;L=3;48;78;L=4;78;128;
1273;L=3;52;83;L=4;83;134;
1274;L=3;57;99;L=4;99;173;
1275;L=3;39;57;L=4;57;83;
1276;L=3;43;62;L=4;62;89;
1277;L=3;48;78;L=4;78;128;
1278;L=3;52;83;L=4;83;134;
1279;L=3;61;104;L=4;104;179;
1280;L=3;68;115;L=4;115;194;
1281;L=3;46;68;L=4;68;98;
1282;L=3;50;73;L=4;73;104;
1283;L=3;55;89;L=4;89;143;
1284;L=3;59;94;L=4;94;149;
1285;L=3;66;113;L=4;113;198;
1286;L=3;33;37;L=4;37;37;
1287;L=3;38;53;L=4;53;76;
1288;L=3;42;58;L=4;58;82;
1289;L=3;47;74;L=4;74;121;
1290;L=3;51;79;L=4;79;127;
1291;L=3;56;95;L=4;95;166;
1292;L=3;42;58;L=4;58;82;
1293;L=3;47;74;L=4;74;121;
1294;L=3;51;79;L=4;79;127;
1295;L=3;60;100;L=4;100;172;
1296;L=3;63;106;L=4;106;181;
1297;L=3;49;69;L=4;69;97;
1298;L=3;54;85;L=4;85;136;
1299;L=3;58;90;L=4;90;142;
1300;L=3;67;111;L=4;111;187;
1301;L=3;70;118;L=4;118;204;
1302;L=3;66;113;L=4;113;198;
1303;L=3;38;53;L=4;53;76;
1304;L=3;42;58;L=4;58;82;
1305;L=3;47;74;L=4;74;121;
1306;L=3;51;79;L=4;79;127;
1307;L=3;56;95;L=4;95;166;
1308;L=3;60;100;L=4;100;172;
1309;L=3;63;106;L=4;106;181;
1310;L=3;45;64;L=4;64;91;
1311;L=3;49;69;L=4;69;97;
1312;L=3;54;85;L=4;85;136;
1313;L=3;58;90;L=4;90;142;
1314;L=3;67;111;L=4;111;187;
1315;L=3;70;118;L=4;118;204;
1316;L=3;65;111;L=4;111;189;
1317;L=3;31;37;L=4;37;39;
1318;L=3;35;42;L=4;42;45;
1319;L=3;40;58;L=4;58;84;
1320;L=3;44;63;L=4;63;90;
1321;L=3;49;79;L=4;79;129;
1322;L=3;53;84;L=4;84;135;
1323;L=3;58;100;L=4;100;174;
1324;L=3;40;58;L=4;58;84;
1325;L=3;44;63;L=4;63;90;
1326;L=3;49;79;L=4;79;129;
1327;L=3;53;84;L=4;84;135;
1328;L=3;62;105;L=4;105;180;
1329;L=3;69;116;L=4;116;195;
1330;L=3;47;69;L=4;69;99;
1331;L=3;51;74;L=4;74;105;
1332;L=3;56;90;L=4;90;144;
1333;L=3;60;95;L=4;95;150;
1334;L=3;66;112;L=4;112;191;
1335;L=3;22;24;L=4;24;24;
1336;L=3;27;40;L=4;40;63;
1337;L=3;31;45;L=4;45;69;
1338;L=3;36;61;L=4;61;108;
1339;L=3;40;66;L=4;66;114;
1340;L=3;45;82;L=4;82;153;
1341;L=3;31;45;L=4;45;69;
1342;L=3;36;61;L=4;61;108;
1343;L=3;40;66;L=4;66;114;
1344;L=3;49;87;L=4;87;159;
1345;L=3;52;93;L=4;93;168;
1346;L=3;38;56;L=4;56;84;
1347;L=3;43;72;L=4;72;123;
1348;L=3;47;77;L=4;77;129;
1349;L=3;56;98;L=4;98;174;
1350;L=3;55;100;L=4;100;185;
1351;L=3;59;105;L=4;105;191;
1352;L=3;57;103;L=4;103;189;
1353;L=3;27;40;L=4;40;63;
1354;L=3;31;45;L=4;45;69;
1355;L=3;36;61;L=4;61;108;
1356;L=3;40;66;L=4;66;114;
1357;L=3;45;82;L=4;82;153;
1358;L=3;49;87;L=4;87;159;
1359;L=3;52;93;L=4;93;168;
1360;L=3;34;51;L=4;51;78;
1361;L=3;38;56;L=4;56;84;
1362;L=3;43;72;L=4;72;123;
1363;L=3;47;77;L=4;77;129;
1364;L=3;56;98;L=4;98;174;
1365;L=3;55;100;L=4;100;185;
1366;L=3;59;105;L=4;105;191;
1367;L=3;61;108;L=4;108;195;
1368;L=3;20;22;L=4;22;22;
1369;L=3;24;27;L=4;27;28;
1370;L=3;29;43;L=4;43;67;
1371;L=3;33;48;L=4;48;73;
1372;L=3;38;64;L=4;64;112;
1373;L=3;42;69;L=4;69;118;
1374;L=3;47;85;L=4;85;157;
1375;L=3;29;43;L=4;43;67;
1376;L=3;33;48;L=4;48;73;
1377;L=3;38;64;L=4;64;112;
1378;L=3;42;69;L=4;69;118;
1379;L=3;51;90;L=4;90;163;
1380;L=3;54;96;L=4;96;172;
1381;L=3;36;54;L=4;54;82;
1382;L=3;40;59;L=4;59;88;
1383;L=3;45;75;L=4;75;127;
1384;L=3;49;80;L=4;80;133;
1385;L=3;58;101;L=4;101;178;
1386;L=3;58;104;L=4;104;190;
1387;L=3;23;25;L=4;25;25;
1388;L=3;28;41;L=4;41;64;
1389;L=3;32;46;L=4;46;70;
1390;L=3;37;62;L=4;62;109;
1391;L=3;41;67;L=4;67;115;
1392;L=3;46;83;L=4;83;154;
1393;L=3;32;46;L=4;46;70;
1394;L=3;37;62;L=4;62;109;
1395;L=3;41;67;L=4;67;115;
1396;L=3;50;88;L=4;88;160;
1397;L=3;53;94;L=4;94;169;
1398;L=3;39;57;L=4;57;85;
1399;L=3;44;73;L=4;73;124;
1400;L=3;48;78;L=4;78;130;
1401;L=3;57;99;L=4;99;175;
1402;L=3;56;101;L=4;101;186;
1403;L=3;60;106;L=4;106;192;
1404;L=3;62;109;L=4;109;196;
1405;L=3;28;41;L=4;41;64;
1406;L=3;32;46;L=4;46;70;
1407;L=3;37;62;L=4;62;109;
1408;L=3;41;67;L=4;67;115;
1409;L=3;46;83;L=4;83;154;
1410;L=3;50;88;L=4;88;160;
1411;L=3;53;94;L=4;94;169;
1412;L=3;35;52;L=4;52;79;
1413;L=3;39;57;L=4;57;85;
1414;L=3;44;73;L=4;73;124;
1415;L=3;48;78;L=4;78;130;
1416;L=3;57;99;L=4;99;175;
1417;L=3;56;101;L=4;101;186;
1418;L=3;60;106;L=4;106;192;
1419;L=3;55;97;L=4;97;173;
1420;L=3;21;23;L=4;23;23;
1421;L=3;25;28;L=4;28;29;
1422;L=3;30;44;L=4;44;68;
1423;L=3;34;49;L=4;49;74;
1424;L=3;39;65;L=4;65;113;
1425;L=3;43;70;L=4;70;119;
1426;L=3;48;86;L=4;86;158;
1427;L=3;30;44;L=4;44;68;
1428;L=3;34;49;L=4;49;74;
1429;L=3;39;65;L=4;65;113;
1430;L=3;43;70;L=4;70;119;
1431;L=3;52;91;L=4;91;164;
1432;L=3;59;102;L=4;102;179;
1433;L=3;37;55;L=4;55;83;
1434;L=3;41;60;L=4;60;89;
1435;L=3;46;76;L=4;76;128;
1436;L=3;50;81;L=4;81;134;
1437;L=3;62;111;L=4;111;199;
1438;L=3;26;29;L=4;29;29;
1439;L=3;31;45;L=4;45;68;
1440;L=3;35;50;L=4;50;74;
1441;L=3;40;66;L=4;66;113;
1442;L=3;44;71;L=4;71;119;
1443;L=3;49;87;L=4;87;158;
1444;L=3;35;50;L=4;50;74;
1445;L=3;40;66;L=4;66;113;
1446;L=3;44;71;L=4;71;119;
1447;L=3;53;92;L=4;92;164;
1448;L=3;56;98;L=4;98;173;
1449;L=3;42;61;L=4;61;89;
1450;L=3;47;77;L=4;77;128;
1451;L=3;51;82;L=4;82;134;
1452;L=3;60;103;L=4;103;179;
1453;L=3;59;105;L=4;105;190;
1454;L=3;63;110;L=4;110;196;
1455;L=3;61;110;L=4;110;198;
1456;L=3;31;45;L=4;45;68;
1457;L=3;35;50;L=4;50;74;
1458;L=3;40;66;L=4;66;113;
1459;L=3;44;71;L=4;71;119;
1460;L=3;49;87;L=4;87;158;
1461;L=3;53;92;L=4;92;164;
1462;L=3;56;98;L=4;98;173;
1463;L=3;38;56;L=4;56;83;
1464;L=3;42;61;L=4;61;89;
1465;L=3;47;77;L=4;77;128;
1466;L=3;51;82;L=4;82;134;
1467;L=3;60;103;L=4;103;179;
1468;L=3;59;105;L=4;105;190;
1469;L=3;63;110;L=4;110;196;
1470;L=3;65;115;L=4;115;204;
1471;L=3;24;29;L=4;29;31;
1472;L=3;28;34;L=4;34;37;
1473;L=3;33;50;L=4;50;76;
1474;L=3;37;55;L=4;55;82;
1475;L=3;42;71;L=4;71;121;
1476;L=3;46;76;L=4;76;127;
1477;L=3;51;92;L=4;92;166;
1478;L=3;33;50;L=4;50;76;
1479;L=3;37;55;L=4;55;82;
1480;L=3;42;71;L=4;71;121;
1481;L=3;46;76;L=4;76;127;
1482;L=3;55;97;L=4;97;172;
1483;L=3;58;103;L=4;103;181;
1484;L=3;40;61;L=4;61;91;
1485;L=3;44;66;L=4;66;97;
1486;L=3;49;82;L=4;82;136;
1487;L=3;53;87;L=4;87;142;
1488;L=3;62;108;L=4;108;187;
1489;L=3;66;116;L=4;116;205;
1490;L=3;27;30;L=4;30;30;
1491;L=3;32;46;L=4;46;69;
1492;L=3;36;51;L=4;51;75;
1493;L=3;41;67;L=4;67;114;
1494;L=3;45;72;L=4;72;120;
1495;L=3;50;88;L=4;88;159;
1496;L=3;36;51;L=4;51;75;
1497;L=3;41;67;L=4;67;114;
1498;L=3;45;72;L=4;72;120;
1499;L=3;54;93;L=4;93;165;
1500;L=3;57;99;L=4;99;174;
1501;L=3;43;62;L=4;62;90;
1502;L=3;48;78;L=4;78;129;
1503;L=3;52;83;L=4;83;135;
1504;L=3;61;104;L=4;104;180;
1505;L=3;60;106;L=4;106;191;
1506;L=3;64;111;L=4;111;197;
1507;L=3;60;106;L=4;106;191;
1508;L=3;32;46;L=4;46;69;
1509;L=3;36;51;L=4;51;75;
1510;L=3;41;67;L=4;67;114;
1511;L=3;45;72;L=4;72;120;
1512;L=3;50;88;L=4;88;159;
1513;L=3;54;93;L=4;93;165;
1514;L=3;57;99;L=4;99;174;
1515;L=3;39;57;L=4;57;84;
1516;L=3;43;62;L=4;62;90;
1517;L=3;48;78;L=4;78;129;
1518;L=3;52;83;L=4;83;135;
1519;L=3;61;104;L=4;104;180;
1520;L=3;64;111;L=4;111;197;
1521;L=3;59;104;L=4;104;182;
1522;L=3;25;30;L=4;30;32;
1523;L=3;29;35;L=4;35;38;
1524;L=3;34;51;L=4;51;77;
1525;L=3;38;56;L=4;56;83;
1526;L=3;43;72;L=4;72;122;
1527;L=3;47;77;L=4;77;128;
1528;L=3;52;93;L=4;93;167;
1529;L=3;34;51;L=4;51;77;
1530;L=3;38;56;L=4;56;83;
1531;L=3;43;72;L=4;72;122;
1532;L=3;47;77;L=4;77;128;
1533;L=3;56;98;L=4;98;173;
1534;L=3;63;109;L=4;109;188;
1535;L=3;41;62;L=4;62;92;
1536;L=3;45;67;L=4;67;98;
1537;L=3;50;83;L=4;83;137;
1538;L=3;54;88;L=4;88;143;
1539;L=3;64;113;L=4;113;201;
1540;L=3;23;25;L=4;25;25;
1541;L=3;28;41;L=4;41;64;
1542;L=3;32;46;L=4;46;70;
1543;L=3;37;62;L=4;62;109;
1544;L=3;41;67;L=4;67;115;
1545;L=3;46;83;L=4;83;154;
1546;L=3;32;46;L=4;46;70;
1547;L=3;37;62;L=4;62;109;
1548;L=3;41;67;L=4;67;115;
1549;L=3;50;88;L=4;88;160;
1550;L=3;53;94;L=4;94;169;
1551;L=3;39;57;L=4;57;85;
1552;L=3;44;73;L=4;73;124;
1553;L=3;48;78;L=4;78;130;
1554;L=3;57;99;L=4;99;175;
1555;L=3;56;101;L=4;101;186;
1556;L=3;60;106;L=4;106;192;
1557;L=3;58;106;L=4;106;194;
1558;L=3;28;41;L=4;41;64;
1559;L=3;32;46;L=4;46;70;
1560;L=3;37;62;L=4;62;109;
1561;L=3;41;67;L=4;67;115;
1562;L=3;46;83;L=4;83;154;
1563;L=3;50;88;L=4;88;160;
1564;L=3;53;94;L=4;94;169;
1565;L=3;35;52;L=4;52;79;
1566;L=3;39;57;L=4;57;85;
1567;L=3;44;73;L=4;73;124;
1568;L=3;48;78;L=4;78;130;
1569;L=3;57;99;L=4;99;175;
1570;L=3;56;101;L=4;101;186;
1571;L=3;60;106;L=4;106;192;
1572;L=3;62;111;L=4;111;200;
1573;L=3;16;17;L=4;17;16;
1574;L=3;21;25;L=4;25;27;
1575;L=3;25;30;L=4;30;33;
1576;L=3;34;51;L=4;51;78;
1577;L=3;30;46;L=4;46;72;
1578;L=3;39;67;L=4;67;117;
1579;L=3;43;72;L=4;72;123;
1580;L=3;48;88;L=4;88;162;
1581;L=3;30;46;L=4;46;72;
1582;L=3;34;51;L=4;51;78;
1583;L=3;39;67;L=4;67;117;
1584;L=3;43;72;L=4;72;123;
1585;L=3;52;93;L=4;93;168;
1586;L=3;55;99;L=4;99;177;
1587;L=3;37;57;L=4;57;87;
1588;L=3;41;62;L=4;62;93;
1589;L=3;46;78;L=4;78;132;
1590;L=3;50;83;L=4;83;138;
1591;L=3;59;104;L=4;104;183;
1592;L=3;63;112;L=4;112;200;
1593;L=3;28;31;L=4;31;31;
1594;L=3;33;47;L=4;47;70;
1595;L=3;37;52;L=4;52;76;
1596;L=3;42;68;L=4;68;115;
1597;L=3;46;73;L=4;73;121;
1598;L=3;51;89;L=4;89;160;
1599;L=3;37;52;L=4;52;76;
1600;L=3;42;68;L=4;68;115;
1601;L=3;46;73;L=4;73;121;
1602;L=3;55;94;L=4;94;166;
1603;L=3;58;100;L=4;100;175;
1604;L=3;44;63;L=4;63;91;
1605;L=3;49;79;L=4;79;130;
1606;L=3;53;84;L=4;84;136;
1607;L=3;62;105;L=4;105;181;
1608;L=3;61;107;L=4;107;192;
1609;L=3;65;112;L=4;112;198;
1610;L=3;67;117;L=4;117;206;
1611;L=3;33;47;L=4;47;70;
1612;L=3;37;52;L=4;52;76;
1613;L=3;42;68;L=4;68;115;
1614;L=3;46;73;L=4;73;121;
1615;L=3;51;89;L=4;89;160;
1616;L=3;55;94;L=4;94;166;
1617;L=3;58;100;L=4;100;175;
1618;L=3;40;58;L=4;58;85;
1619;L=3;44;63;L=4;63;91;
1620;L=3;49;79;L=4;79;130;
1621;L=3;53;84;L=4;84;136;
1622;L=3;62;105;L=4;105;181;
1623;L=3;61;107;L=4;107;192;
1624;L=3;65;112;L=4;112;198;
1625;L=3;60;105;L=4;105;183;
1626;L=3;26;31;L=4;31;33;
1627;L=3;30;36;L=4;36;39;
1628;L=3;35;52;L=4;52;78;
1629;L=3;39;57;L=4;57;84;
1630;L=3;44;73;L=4;73;123;
1631;L=3;48;78;L=4;78;129;
1632;L=3;53;94;L=4;94;168;
1633;L=3;35;52;L=4;52;78;
1634;L=3;39;57;L=4;57;84;
1635;L=3;44;73;L=4;73;123;
1636;L=3;48;78;L=4;78;129;
1637;L=3;57;99;L=4;99;174;
1638;L=3;64;110;L=4;110;189;
1639;L=3;42;63;L=4;63;93;
1640;L=3;46;68;L=4;68;99;
1641;L=3;51;84;L=4;84;138;
1642;L=3;55;89;L=4;89;144;
1643;L=3;68;118;L=4;118;207;
1644;L=3;29;32;L=4;32;32;
1645;L=3;34;48;L=4;48;71;
1646;L=3;38;53;L=4;53;77;
1647;L=3;43;69;L=4;69;116;
1648;L=3;47;74;L=4;74;122;
1649;L=3;52;90;L=4;90;161;
1650;L=3;38;53;L=4;53;77;
1651;L=3;43;69;L=4;69;116;
1652;L=3;47;74;L=4;74;122;
1653;L=3;56;95;L=4;95;167;
1654;L=3;59;101;L=4;101;176;
1655;L=3;45;64;L=4;64;92;
1656;L=3;50;80;L=4;80;131;
1657;L=3;54;85;L=4;85;137;
1658;L=3;63;106;L=4;106;182;
1659;L=3;62;108;L=4;108;193;
1660;L=3;66;113;L=4;113;199;
1661;L=3;62;108;L=4;108;193;
1662;L=3;34;48;L=4;48;71;
1663;L=3;38;53;L=4;53;77;
1664;L=3;43;69;L=4;69;116;
1665;L=3;47;74;L=4;74;122;
1666;L=3;52;90;L=4;90;161;
1667;L=3;56;95;L=4;95;167;
1668;L=3;59;101;L=4;101;176;
1669;L=3;41;59;L=4;59;86;
1670;L=3;45;64;L=4;64;92;
1671;L=3;50;80;L=4;80;131;
1672;L=3;54;85;L=4;85;137;
1673;L=3;63;106;L=4;106;182;
1674;L=3;66;113;L=4;113;199;
1675;L=3;61;106;L=4;106;184;
1676;L=3;27;32;L=4;32;34;
1677;L=3;31;37;L=4;37;40;
1678;L=3;36;53;L=4;53;79;
1679;L=3;40;58;L=4;58;85;
1680;L=3;45;74;L=4;74;124;
1681;L=3;49;79;L=4;79;130;
1682;L=3;54;95;L=4;95;169;
1683;L=3;36;53;L=4;53;79;
1684;L=3;40;58;L=4;58;85;
1685;L=3;45;74;L=4;74;124;
1686;L=3;49;79;L=4;79;130;
1687;L=3;58;100;L=4;100;175;
1688;L=3;65;111;L=4;111;190;
1689;L=3;43;64;L=4;64;94;
1690;L=3;47;69;L=4;69;100;
1691;L=3;52;85;L=4;85;139;
1692;L=3;56;90;L=4;90;145;
1693;L=3;65;114;L=4;114;202;
1694;L=3;22;24;L=4;24;24;
1695;L=3;27;40;L=4;40;63;
1696;L=3;31;45;L=4;45;69;
1697;L=3;36;61;L=4;61;108;
1698;L=3;40;66;L=4;66;114;
1699;L=3;45;82;L=4;82;153;
1700;L=3;31;45;L=4;45;69;
1701;L=3;36;61;L=4;61;108;
1702;L=3;40;66;L=4;66;114;
1703;L=3;49;87;L=4;87;159;
1704;L=3;52;93;L=4;93;168;
1705;L=3;38;56;L=4;56;84;
1706;L=3;43;72;L=4;72;123;
1707;L=3;47;77;L=4;77;129;
1708;L=3;56;98;L=4;98;174;
1709;L=3;55;100;L=4;100;185;
1710;L=3;59;105;L=4;105;191;
1711;L=3;57;105;L=4;105;193;
1712;L=3;27;40;L=4;40;63;
1713;L=3;31;45;L=4;45;69;
1714;L=3;36;61;L=4;61;108;
1715;L=3;40;66;L=4;66;114;
1716;L=3;45;82;L=4;82;153;
1717;L=3;49;87;L=4;87;159;
1718;L=3;52;93;L=4;93;168;
1719;L=3;34;51;L=4;51;78;
1720;L=3;38;56;L=4;56;84;
1721;L=3;43;72;L=4;72;123;
1722;L=3;47;77;L=4;77;129;
1723;L=3;56;98;L=4;98;174;
1724;L=3;55;100;L=4;100;185;
1725;L=3;59;105;L=4;105;191;
1726;L=3;61;110;L=4;110;199;
1727;L=3;15;16;L=4;16;15;
1728;L=3;20;24;L=4;24;26;
1729;L=3;24;29;L=4;29;32;
1730;L=3;33;50;L=4;50;77;
1731;L=3;29;45;L=4;45;71;
1732;L=3;38;66;L=4;66;116;
1733;L=3;42;71;L=4;71;122;
1734;L=3;47;87;L=4;87;161;
1735;L=3;29;45;L=4;45;71;
1736;L=3;33;50;L=4;50;77;
1737;L=3;38;66;L=4;66;116;
1738;L=3;42;71;L=4;71;122;
1739;L=3;51;92;L=4;92;167;
1740;L=3;54;98;L=4;98;176;
1741;L=3;36;56;L=4;56;86;
1742;L=3;40;61;L=4;61;92;
1743;L=3;45;77;L=4;77;131;
1744;L=3;49;82;L=4;82;137;
1745;L=3;58;103;L=4;103;182;
1746;L=3;62;111;L=4;111;199;
1747;L=3;27;30;L=4;30;30;
1748;L=3;32;46;L=4;46;69;
1749;L=3;36;51;L=4;51;75;
1750;L=3;41;67;L=4;67;114;
1751;L=3;45;72;L=4;72;120;
1752;L=3;50;88;L=4;88;159;
1753;L=3;36;51;L=4;51;75;
1754;L=3;41;67;L=4;67;114;
1755;L=3;45;72;L=4;72;120;
1756;L=3;54;93;L=4;93;165;
1757;L=3;57;99;L=4;99;174;
1758;L=3;43;62;L=4;62;90;
1759;L=3;48;78;L=4;78;129;
1760;L=3;52;83;L=4;83;135;
1761;L=3;61;104;L=4;104;180;
1762;L=3;60;106;L=4;106;191;
1763;L=3;64;111;L=4;111;197;
1764;L=3;66;116;L=4;116;205;
1765;L=3;32;46;L=4;46;69;
1766;L=3;36;51;L=4;51;75;
1767;L=3;41;67;L=4;67;114;
1768;L=3;45;72;L=4;72;120;
1769;L=3;50;88;L=4;88;159;
1770;L=3;54;93;L=4;93;165;
1771;L=3;57;99;L=4;99;174;
1772;L=3;39;57;L=4;57;84;
1773;L=3;43;62;L=4;62;90;
1774;L=3;48;78;L=4;78;129;
1775;L=3;52;83;L=4;83;135;
1776;L=3;61;104;L=4;104;180;
1777;L=3;60;106;L=4;106;191;
1778;L=3;64;111;L=4;111;197;
1779;L=3;59;104;L=4;104;182;
1780;L=3;25;30;L=4;30;32;
1781;L=3;29;35;L=4;35;38;
1782;L=3;34;51;L=4;51;77;
1783;L=3;38;56;L=4;56;83;
1784;L=3;43;72;L=4;72;122;
1785;L=3;47;77;L=4;77;128;
1786;L=3;52;93;L=4;93;167;
1787;L=3;34;51;L=4;51;77;
1788;L=3;38;56;L=4;56;83;
1789;L=3;43;72;L=4;72;122;
1790;L=3;47;77;L=4;77;128;
1791;L=3;56;98;L=4;98;173;
1792;L=3;63;109;L=4;109;188;
1793;L=3;41;62;L=4;62;92;
1794;L=3;45;67;L=4;67;98;
1795;L=3;50;83;L=4;83;137;
1796;L=3;54;88;L=4;88;143;
1797;L=3;63;112;L=4;112;200;
1798;L=3;28;31;L=4;31;31;
1799;L=3;33;47;L=4;47;70;
1800;L=3;37;52;L=4;52;76;
1801;L=3;42;68;L=4;68;115;
1802;L=3;46;73;L=4;73;121;
1803;L=3;51;89;L=4;89;160;
1804;L=3;37;52;L=4;52;76;
1805;L=3;42;68;L=4;68;115;
1806;L=3;46;73;L=4;73;121;
1807;L=3;55;94;L=4;94;166;
1808;L=3;58;100;L=4;100;175;
1809;L=3;44;63;L=4;63;91;
1810;L=3;49;79;L=4;79;130;
1811;L=3;53;84;L=4;84;136;
1812;L=3;62;105;L=4;105;181;
1813;L=3;61;107;L=4;107;192;
1814;L=3;65;112;L=4;112;198;
1815;L=3;67;117;L=4;117;206;
1816;L=3;33;47;L=4;47;70;
1817;L=3;37;52;L=4;52;76;
1818;L=3;42;68;L=4;68;115;
1819;L=3;46;73;L=4;73;121;
1820;L=3;51;89;L=4;89;160;
1821;L=3;55;94;L=4;94;166;
1822;L=3;58;100;L=4;100;175;
1823;L=3;40;58;L=4;58;85;
1824;L=3;44;63;L=4;63;91;
1825;L=3;49;79;L=4;79;130;
1826;L=3;53;84;L=4;84;136;
1827;L=3;62;105;L=4;105;181;
1828;L=3;61;107;L=4;107;192;
1829;L=3;65;112;L=4;112;198;
1830;L=3;60;105;L=4;105;183;
1831;L=3;26;31;L=4;31;33;
1832;L=3;30;36;L=4;36;39;
1833;L=3;35;52;L=4;52;78;
1834;L=3;39;57;L=4;57;84;
1835;L=3;44;73;L=4;73;123;
1836;L=3;48;78;L=4;78;129;
1837;L=3;53;94;L=4;94;168;
1838;L=3;35;52;L=4;52;78;
1839;L=3;39;57;L=4;57;84;
1840;L=3;44;73;L=4;73;123;
1841;L=3;48;78;L=4;78;129;
1842;L=3;57;99;L=4;99;174;
1843;L=3;64;110;L=4;110;189;
1844;L=3;42;63;L=4;63;93;
1845;L=3;46;68;L=4;68;99;
1846;L=3;51;84;L=4;84;138;
1847;L=3;55;89;L=4;89;144;
1848;L=3;69;119;L=4;119;208;
1849;L=3;24;26;L=4;26;26;
1850;L=3;29;42;L=4;42;65;
1851;L=3;33;47;L=4;47;71;
1852;L=3;38;63;L=4;63;110;
1853;L=3;42;68;L=4;68;116;
1854;L=3;47;84;L=4;84;155;
1855;L=3;33;47;L=4;47;71;
1856;L=3;38;63;L=4;63;110;
1857;L=3;42;68;L=4;68;116;
1858;L=3;51;89;L=4;89;161;
1859;L=3;54;95;L=4;95;170;
1860;L=3;40;58;L=4;58;86;
1861;L=3;45;74;L=4;74;125;
1862;L=3;49;79;L=4;79;131;
1863;L=3;58;100;L=4;100;176;
1864;L=3;57;102;L=4;102;187;
1865;L=3;61;107;L=4;107;193;
1866;L=3;59;107;L=4;107;195;
1867;L=3;29;42;L=4;42;65;
1868;L=3;33;47;L=4;47;71;
1869;L=3;38;63;L=4;63;110;
1870;L=3;42;68;L=4;68;116;
1871;L=3;47;84;L=4;84;155;
1872;L=3;51;89;L=4;89;161;
1873;L=3;54;95;L=4;95;170;
1874;L=3;36;53;L=4;53;80;
1875;L=3;40;58;L=4;58;86;
1876;L=3;45;74;L=4;74;125;
1877;L=3;49;79;L=4;79;131;
1878;L=3;58;100;L=4;100;176;
1879;L=3;57;102;L=4;102;187;
1880;L=3;61;107;L=4;107;193;
1881;L=3;63;112;L=4;112;201;
1882;L=3;17;18;L=4;18;17;
1883;L=3;22;26;L=4;26;28;
1884;L=3;26;31;L=4;31;34;
1885;L=3;35;52;L=4;52;79;
1886;L=3;31;47;L=4;47;73;
1887;L=3;40;68;L=4;68;118;
1888;L=3;44;73;L=4;73;124;
1889;L=3;49;89;L=4;89;163;
1890;L=3;31;47;L=4;47;73;
1891;L=3;35;52;L=4;52;79;
1892;L=3;40;68;L=4;68;118;
1893;L=3;44;73;L=4;73;124;
1894;L=3;53;94;L=4;94;169;
1895;L=3;56;100;L=4;100;178;
1896;L=3;38;58;L=4;58;88;
1897;L=3;42;63;L=4;63;94;
1898;L=3;47;79;L=4;79;133;
1899;L=3;51;84;L=4;84;139;
1900;L=3;60;105;L=4;105;184;
1901;L=3;64;113;L=4;113;201;
1902;L=3;29;32;L=4;32;32;
1903;L=3;34;48;L=4;48;71;
1904;L=3;38;53;L=4;53;77;
1905;L=3;43;69;L=4;69;116;
1906;L=3;47;74;L=4;74;122;
1907;L=3;52;90;L=4;90;161;
1908;L=3;38;53;L=4;53;77;
1909;L=3;43;69;L=4;69;116;
1910;L=3;47;74;L=4;74;122;
1911;L=3;56;95;L=4;95;167;
1912;L=3;59;101;L=4;101;176;
1913;L=3;45;64;L=4;64;92;
1914;L=3;50;80;L=4;80;131;
1915;L=3;54;85;L=4;85;137;
1916;L=3;63;106;L=4;106;182;
1917;L=3;62;108;L=4;108;193;
1918;L=3;66;113;L=4;113;199;
1919;L=3;68;118;L=4;118;207;
1920;L=3;34;48;L=4;48;71;
1921;L=3;38;53;L=4;53;77;
1922;L=3;43;69;L=4;69;116;
1923;L=3;47;74;L=4;74;122;
1924;L=3;52;90;L=4;90;161;
1925;L=3;56;95;L=4;95;167;
1926;L=3;59;101;L=4;101;176;
1927;L=3;41;59;L=4;59;86;
1928;L=3;45;64;L=4;64;92;
1929;L=3;50;80;L=4;80;131;
1930;L=3;54;85;L=4;85;137;
1931;L=3;63;106;L=4;106;182;
1932;L=3;62;108;L=4;108;193;
1933;L=3;66;113;L=4;113;199;
1934;L=3;61;106;L=4;106;184;
1935;L=3;27;32;L=4;32;34;
1936;L=3;31;37;L=4;37;40;
1937;L=3;36;53;L=4;53;79;
1938;L=3;40;58;L=4;58;85;
1939;L=3;45;74;L=4;74;124;
1940;L=3;49;79;L=4;79;130;
1941;L=3;54;95;L=4;95;169;
1942;L=3;36;53;L=4;53;79;
1943;L=3;40;58;L=4;58;85;
1944;L=3;45;74;L=4;74;124;
1945;L=3;49;79;L=4;79;130;
1946;L=3;58;100;L=4;100;175;
1947;L=3;65;111;L=4;111;190;
1948;L=3;43;64;L=4;64;94;
1949;L=3;47;69;L=4;69;100;
1950;L=3;52;85;L=4;85;139;
1951;L=3;56;90;L=4;90;145;
1952;L=3;63;109;L=4;109;194;
1953;L=3;30;33;L=4;33;33;
1954;L=3;35;49;L=4;49;72;
1955;L=3;39;54;L=4;54;78;
1956;L=3;44;70;L=4;70;117;
1957;L=3;48;75;L=4;75;123;
1958;L=3;53;91;L=4;91;162;
1959;L=3;39;54;L=4;54;78;
1960;L=3;44;70;L=4;70;117;
1961;L=3;48;75;L=4;75;123;
1962;L=3;57;96;L=4;96;168;
1963;L=3;60;102;L=4;102;177;
1964;L=3;46;65;L=4;65;93;
1965;L=3;51;81;L=4;81;132;
1966;L=3;55;86;L=4;86;138;
1967;L=3;64;107;L=4;107;183;
1968;L=3;67;114;L=4;114;200;
1969;L=3;63;109;L=4;109;194;
1970;L=3;35;49;L=4;49;72;
1971;L=3;39;54;L=4;54;78;
1972;L=3;44;70;L=4;70;117;
1973;L=3;48;75;L=4;75;123;
1974;L=3;53;91;L=4;91;162;
1975;L=3;57;96;L=4;96;168;
1976;L=3;60;102;L=4;102;177;
1977;L=3;42;60;L=4;60;87;
1978;L=3;46;65;L=4;65;93;
1979;L=3;51;81;L=4;81;132;
1980;L=3;55;86;L=4;86;138;
1981;L=3;64;107;L=4;107;183;
1982;L=3;67;114;L=4;114;200;
1983;L=3;55;96;L=4;96;170;
1984;L=3;28;33;L=4;33;35;
1985;L=3;32;38;L=4;38;41;
1986;L=3;37;54;L=4;54;80;
1987;L=3;41;59;L=4;59;86;
1988;L=3;46;75;L=4;75;125;
1989;L=3;50;80;L=4;80;131;
1990;L=3;59;101;L=4;101;176;
1991;L=3;37;54;L=4;54;80;
1992;L=3;41;59;L=4;59;86;
1993;L=3;46;75;L=4;75;125;
1994;L=3;50;80;L=4;80;131;
1995;L=3;53;86;L=4;86;140;
1996;L=3;44;65;L=4;65;95;
1997;L=3;48;70;L=4;70;101;
1998;L=3;57;91;L=4;91;146;
1999;L=3;53;86;L=4;86;140;
2000;L=3;22;24;L=4;24;24;
2001;L=3;27;40;L=4;40;63;
2002;L=3;31;45;L=4;45;69;
2003;L=3;36;61;L=4;61;108;
2004;L=3;40;66;L=4;66;114;
2005;L=3;45;82;L=4;82;153;
2006;L=3;31;45;L=4;45;69;
2007;L=3;36;61;L=4;61;108;
2008;L=3;40;66;L=4;66;114;
2009;L=3;49;87;L=4;87;159;
2010;L=3;52;93;L=4;93;168;
2011;L=3;38;56;L=4;56;84;
2012;L=3;43;72;L=4;72;123;
2013;L=3;47;77;L=4;77;129;
2014;L=3;56;98;L=4;98;174;
2015;L=3;55;100;L=4;100;185;
2016;L=3;59;105;L=4;105;191;
2017;L=3;57;103;L=4;103;189;
2018;L=3;27;40;L=4;40;63;
2019;L=3;31;45;L=4;45;69;
2020;L=3;36;61;L=4;61;108;
2021;L=3;40;66;L=4;66;114;
2022;L=3;45;82;L=4;82;153;
2023;L=3;49;87;L=4;87;159;
2024;L=3;52;93;L=4;93;168;
2025;L=3;34;51;L=4;51;78;
2026;L=3;38;56;L=4;56;84;
2027;L=3;43;72;L=4;72;123;
2028;L=3;47;77;L=4;77;129;
2029;L=3;56;98;L=4;98;174;
2030;L=3;55;100;L=4;100;185;
2031;L=3;59;105;L=4;105;191;
2032;L=3;61;108;L=4;108;195;
2033;L=3;20;22;L=4;22;22;
2034;L=3;24;27;L=4;27;28;
2035;L=3;29;43;L=4;43;67;
2036;L=3;33;48;L=4;48;73;
2037;L=3;38;64;L=4;64;112;
2038;L=3;42;69;L=4;69;118;
2039;L=3;47;85;L=4;85;157;
2040;L=3;29;43;L=4;43;67;
2041;L=3;33;48;L=4;48;73;
2042;L=3;38;64;L=4;64;112;
2043;L=3;42;69;L=4;69;118;
2044;L=3;51;90;L=4;90;163;
2045;L=3;54;96;L=4;96;172;
2046;L=3;36;54;L=4;54;82;
2047;L=3;40;59;L=4;59;88;
2048;L=3;45;75;L=4;75;127;
2049;L=3;49;80;L=4;80;133;
2050;L=3;58;101;L=4;101;178;
2051;L=3;58;104;L=4;104;190;
2052;L=3;23;25;L=4;25;25;
2053;L=3;28;41;L=4;41;64;
2054;L=3;32;46;L=4;46;70;
2055;L=3;37;62;L=4;62;109;
2056;L=3;41;67;L=4;67;115;
2057;L=3;46;83;L=4;83;154;
2058;L=3;32;46;L=4;46;70;
2059;L=3;37;62;L=4;62;109;
2060;L=3;41;67;L=4;67;115;
2061;L=3;50;88;L=4;88;160;
2062;L=3;53;94;L=4;94;169;
2063;L=3;39;57;L=4;57;85;
2064;L=3;44;73;L=4;73;124;
2065;L=3;48;78;L=4;78;130;
2066;L=3;57;99;L=4;99;175;
2067;L=3;56;101;L=4;101;186;
2068;L=3;60;106;L=4;106;192;
2069;L=3;62;109;L=4;109;196;
2070;L=3;28;41;L=4;41;64;
2071;L=3;32;46;L=4;46;70;
2072;L=3;37;62;L=4;62;109;
2073;L=3;41;67;L=4;67;115;
2074;L=3;46;83;L=4;83;154;
2075;L=3;50;88;L=4;88;160;
2076;L=3;53;94;L=4;94;169;
2077;L=3;35;52;L=4;52;79;
2078;L=3;39;57;L=4;57;85;
2079;L=3;44;73;L=4;73;124;
2080;L=3;48;78;L=4;78;130;
2081;L=3;57;99;L=4;99;175;
2082;L=3;56;101;L=4;101;186;
2083;L=3;60;106;L=4;106;192;
2084;L=3;55;97;L=4;97;173;
2085;L=3;21;23;L=4;23;23;
2086;L=3;25;28;L=4;28;29;
2087;L=3;30;44;L=4;44;68;
2088;L=3;34;49;L=4;49;74;
2089;L=3;39;65;L=4;65;113;
2090;L=3;43;70;L=4;70;119;
2091;L=3;48;86;L=4;86;158;
2092;L=3;30;44;L=4;44;68;
2093;L=3;34;49;L=4;49;74;
2094;L=3;39;65;L=4;65;113;
2095;L=3;43;70;L=4;70;119;
2096;L=3;52;91;L=4;91;164;
2097;L=3;59;102;L=4;102;179;
2098;L=3;37;55;L=4;55;83;
2099;L=3;41;60;L=4;60;89;
2100;L=3;46;76;L=4;76;128;
2101;L=3;50;81;L=4;81;134;
2102;L=3;62;111;L=4;111;199;
2103;L=3;26;29;L=4;29;29;
2104;L=3;31;45;L=4;45;68;
2105;L=3;35;50;L=4;50;74;
2106;L=3;40;66;L=4;66;113;
2107;L=3;44;71;L=4;71;119;
2108;L=3;49;87;L=4;87;158;
2109;L=3;35;50;L=4;50;74;
2110;L=3;40;66;L=4;66;113;
2111;L=3;44;71;L=4;71;119;
2112;L=3;53;92;L=4;92;164;
2113;L=3;56;98;L=4;98;173;
2114;L=3;42;61;L=4;61;89;
2115;L=3;47;77;L=4;77;128;
2116;L=3;51;82;L=4;82;134;
2117;L=3;60;103;L=4;103;179;
2118;L=3;59;105;L=4;105;190;
2119;L=3;63;110;L=4;110;196;
2120;L=3;61;110;L=4;110;198;
2121;L=3;31;45;L=4;45;68;
2122;L=3;35;50;L=4;50;74;
2123;L=3;40;66;L=4;66;113;
2124;L=3;44;71;L=4;71;119;
2125;L=3;49;87;L=4;87;158;
2126;L=3;53;92;L=4;92;164;
2127;L=3;56;98;L=4;98;173;
2128;L=3;38;56;L=4;56;83;
2129;L=3;42;61;L=4;61;89;
2130;L=3;47;77;L=4;77;128;
2131;L=3;51;82;L=4;82;134;
2132;L=3;60;103;L=4;103;179;
2133;L=3;59;105;L=4;105;190;
2134;L=3;63;110;L=4;110;196;
2135;L=3;65;115;L=4;115;204;
2136;L=3;24;29;L=4;29;31;
2137;L=3;28;34;L=4;34;37;
2138;L=3;33;50;L=4;50;76;
2139;L=3;37;55;L=4;55;82;
2140;L=3;42;71;L=4;71;121;
2141;L=3;46;76;L=4;76;127;
2142;L=3;51;92;L=4;92;166;
2143;L=3;33;50;L=4;50;76;
2144;L=3;37;55;L=4;55;82;
2145;L=3;42;71;L=4;71;121;
2146;L=3;46;76;L=4;76;127;
2147;L=3;55;97;L=4;97;172;
2148;L=3;58;103;L=4;103;181;
2149;L=3;40;61;L=4;61;91;
2150;L=3;44;66;L=4;66;97;
2151;L=3;49;82;L=4;82;136;
2152;L=3;53;87;L=4;87;142;
2153;L=3;62;108;L=4;108;187;
2154;L=3;66;116;L=4;116;205;
2155;L=3;27;30;L=4;30;30;
2156;L=3;32;46;L=4;46;69;
2157;L=3;36;51;L=4;51;75;
2158;L=3;41;67;L=4;67;114;
2159;L=3;45;72;L=4;72;120;
2160;L=3;50;88;L=4;88;159;
2161;L=3;36;51;L=4;51;75;
2162;L=3;41;67;L=4;67;114;
2163;L=3;45;72;L=4;72;120;
2164;L=3;54;93;L=4;93;165;
2165;L=3;57;99;L=4;99;174;
2166;L=3;43;62;L=4;62;90;
2167;L=3;48;78;L=4;78;129;
2168;L=3;52;83;L=4;83;135;
2169;L=3;61;104;L=4;104;180;
2170;L=3;60;106;L=4;106;191;
2171;L=3;64;111;L=4;111;197;
2172;L=3;60;106;L=4;106;191;
2173;L=3;32;46;L=4;46;69;
2174;L=3;36;51;L=4;51;75;
2175;L=3;41;67;L=4;67;114;
2176;L=3;45;72;L=4;72;120;
2177;L=3;50;88;L=4;88;159;
2178;L=3;54;93;L=4;93;165;
2179;L=3;57;99;L=4;99;174;
2180;L=3;39;57;L=4;57;84;
2181;L=3;43;62;L=4;62;90;
2182;L=3;48;78;L=4;78;129;
2183;L=3;52;83;L=4;83;135;
2184;L=3;61;104;L=4;104;180;
2185;L=3;64;111;L=4;111;197;
2186;L=3;59;104;L=4;104;182;
2187;L=3;25;30;L=4;30;32;
2188;L=3;29;35;L=4;35;38;
2189;L=3;34;51;L=4;51;77;
2190;L=3;38;56;L=4;56;83;
2191;L=3;43;72;L=4;72;122;
2192;L=3;47;77;L=4;77;128;
2193;L=3;52;93;L=4;93;167;
2194;L=3;34;51;L=4;51;77;
2195;L=3;38;56;L=4;56;83;
2196;L=3;43;72;L=4;72;122;
2197;L=3;47;77;L=4;77;128;
2198;L=3;56;98;L=4;98;173;
2199;L=3;63;109;L=4;109;188;
2200;L=3;41;62;L=4;62;92;
2201;L=3;45;67;L=4;67;98;
2202;L=3;50;83;L=4;83;137;
2203;L=3;54;88;L=4;88;143;
2204;L=3;64;113;L=4;113;201;
2205;L=3;23;25;L=4;25;25;
2206;L=3;28;41;L=4;41;64;
2207;L=3;32;46;L=4;46;70;
2208;L=3;37;62;L=4;62;109;
2209;L=3;41;67;L=4;67;115;
2210;L=3;46;83;L=4;83;154;
2211;L=3;32;46;L=4;46;70;
2212;L=3;37;62;L=4;62;109;
2213;L=3;41;67;L=4;67;115;
2214;L=3;50;88;L=4;88;160;
2215;L=3;53;94;L=4;94;169;
2216;L=3;39;57;L=4;57;85;
2217;L=3;44;73;L=4;73;124;
2218;L=3;48;78;L=4;78;130;
2219;L=3;57;99;L=4;99;175;
2220;L=3;56;101;L=4;101;186;
2221;L=3;60;106;L=4;106;192;
2222;L=3;58;106;L=4;106;194;
2223;L=3;28;41;L=4;41;64;
2224;L=3;32;46;L=4;46;70;
2225;L=3;37;62;L=4;62;109;
2226;L=3;41;67;L=4;67;115;
2227;L=3;46;83;L=4;83;154;
2228;L=3;50;88;L=4;88;160;
2229;L=3;53;94;L=4;94;169;
2230;L=3;35;52;L=4;52;79;
2231;L=3;39;57;L=4;57;85;
2232;L=3;44;73;L=4;73;124;
2233;L=3;48;78;L=4;78;130;
2234;L=3;57;99;L=4;99;175;
2235;L=3;56;101;L=4;101;186;
2236;L=3;60;106;L=4;106;192;
2237;L=3;62;111;L=4;111;200;
2238;L=3;16;17;L=4;17;16;
2239;L=3;21;25;L=4;25;27;
2240;L=3;25;30;L=4;30;33;
2241;L=3;34;51;L=4;51;78;
2242;L=3;30;46;L=4;46;72;
2243;L=3;39;67;L=4;67;117;
2244;L=3;43;72;L=4;72;123;
2245;L=3;48;88;L=4;88;162;
2246;L=3;30;46;L=4;46;72;
2247;L=3;34;51;L=4;51;78;
2248;L=3;39;67;L=4;67;117;
2249;L=3;43;72;L=4;72;123;
2250;L=3;52;93;L=4;93;168;
2251;L=3;55;99;L=4;99;177;
2252;L=3;37;57;L=4;57;87;
2253;L=3;41;62;L=4;62;93;
2254;L=3;46;78;L=4;78;132;
2255;L=3;50;83;L=4;83;138;
2256;L=3;59;104;L=4;104;183;
2257;L=3;63;112;L=4;112;200;
2258;L=3;28;31;L=4;31;31;
2259;L=3;33;47;L=4;47;70;
2260;L=3;37;52;L=4;52;76;
2261;L=3;42;68;L=4;68;115;
2262;L=3;46;73;L=4;73;121;
2263;L=3;51;89;L=4;89;160;
2264;L=3;37;52;L=4;52;76;
2265;L=3;42;68;L=4;68;115;
2266;L=3;46;73;L=4;73;121;
2267;L=3;55;94;L=4;94;166;
2268;L=3;58;100;L=4;100;175;
2269;L=3;44;63;L=4;63;91;
2270;L=3;49;79;L=4;79;130;
2271;L=3;53;84;L=4;84;136;
2272;L=3;62;105;L=4;105;181;
2273;L=3;61;107;L=4;107;192;
2274;L=3;65;112;L=4;112;198;
2275;L=3;67;117;L=4;117;206;
2276;L=3;33;47;L=4;47;70;
2277;L=3;37;52;L=4;52;76;
2278;L=3;42;68;L=4;68;115;
2279;L=3;46;73;L=4;73;121;
2280;L=3;51;89;L=4;89;160;
2281;L=3;55;94;L=4;94;166;
2282;L=3;58;100;L=4;100;175;
2283;L=3;40;58;L=4;58;85;
2284;L=3;44;63;L=4;63;91;
2285;L=3;49;79;L=4;79;130;
2286;L=3;53;84;L=4;84;136;
2287;L=3;62;105;L=4;105;181;
2288;L=3;61;107;L=4;107;192;
2289;L=3;65;112;L=4;112;198;
2290;L=3;60;105;L=4;105;183;
2291;L=3;26;31;L=4;31;33;
2292;L=3;30;36;L=4;36;39;
2293;L=3;35;52;L=4;52;78;
2294;L=3;39;57;L=4;57;84;
2295;L=3;44;73;L=4;73;123;
2296;L=3;48;78;L=4;78;129;
2297;L=3;53;94;L=4;94;168;
2298;L=3;35;52;L=4;52;78;
2299;L=3;39;57;L=4;57;84;
2300;L=3;44;73;L=4;73;123;
2301;L=3;48;78;L=4;78;129;
2302;L=3;57;99;L=4;99;174;
2303;L=3;64;110;L=4;110;189;
2304;L=3;42;63;L=4;63;93;
2305;L=3;46;68;L=4;68;99;
2306;L=3;51;84;L=4;84;138;
2307;L=3;55;89;L=4;89;144;
2308;L=3;68;118;L=4;118;207;
2309;L=3;29;32;L=4;32;32;
2310;L=3;34;48;L=4;48;71;
2311;L=3;38;53;L=4;53;77;
2312;L=3;43;69;L=4;69;116;
2313;L=3;47;74;L=4;74;122;
2314;L=3;52;90;L=4;90;161;
2315;L=3;38;53;L=4;53;77;
2316;L=3;43;69;L=4;69;116;
2317;L=3;47;74;L=4;74;122;
2318;L=3;56;95;L=4;95;167;
2319;L=3;59;101;L=4;101;176;
2320;L=3;45;64;L=4;64;92;
2321;L=3;50;80;L=4;80;131;
2322;L=3;54;85;L=4;85;137;
2323;L=3;63;106;L=4;106;182;
2324;L=3;62;108;L=4;108;193;
2325;L=3;66;113;L=4;113;199;
2326;L=3;62;108;L=4;108;193;
2327;L=3;34;48;L=4;48;71;
2328;L=3;38;53;L=4;53;77;
2329;L=3;43;69;L=4;69;116;
2330;L=3;47;74;L=4;74;122;
2331;L=3;52;90;L=4;90;161;
2332;L=3;56;95;L=4;95;167;
2333;L=3;59;101;L=4;101;176;
2334;L=3;41;59;L=4;59;86;
2335;L=3;45;64;L=4;64;92;
2336;L=3;50;80;L=4;80;131;
2337;L=3;54;85;L=4;85;137;
2338;L=3;63;106;L=4;106;182;
2339;L=3;66;113;L=4;113;199;
2340;L=3;61;106;L=4;106;184;
2341;L=3;27;32;L=4;32;34;
2342;L=3;31;37;L=4;37;40;
2343;L=3;36;53;L=4;53;79;
2344;L=3;40;58;L=4;58;85;
2345;L=3;45;74;L=4;74;124;
2346;L=3;49;79;L=4;79;130;
2347;L=3;54;95;L=4;95;169;
2348;L=3;36;53;L=4;53;79;
2349;L=3;40;58;L=4;58;85;
2350;L=3;45;74;L=4;74;124;
2351;L=3;49;79;L=4;79;130;
2352;L=3;58;100;L=4;100;175;
2353;L=3;65;111;L=4;111;190;
2354;L=3;43;64;L=4;64;94;
2355;L=3;47;69;L=4;69;100;
2356;L=3;52;85;L=4;85;139;
2357;L=3;56;90;L=4;90;145;
2358;L=3;65;114;L=4;114;202;
2359;L=3;22;24;L=4;24;24;
2360;L=3;27;40;L=4;40;63;
2361;L=3;31;45;L=4;45;69;
2362;L=3;36;61;L=4;61;108;
2363;L=3;40;66;L=4;66;114;
2364;L=3;45;82;L=4;82;153;
2365;L=3;31;45;L=4;45;69;
2366;L=3;36;61;L=4;61;108;
2367;L=3;40;66;L=4;66;114;
2368;L=3;49;87;L=4;87;159;
2369;L=3;52;93;L=4;93;168;
2370;L=3;38;56;L=4;56;84;
2371;L=3;43;72;L=4;72;123;
2372;L=3;47;77;L=4;77;129;
2373;L=3;56;98;L=4;98;174;
2374;L=3;55;100;L=4;100;185;
2375;L=3;59;105;L=4;105;191;
2376;L=3;57;105;L=4;105;193;
2377;L=3;27;40;L=4;40;63;
2378;L=3;31;45;L=4;45;69;
2379;L=3;36;61;L=4;61;108;
2380;L=3;40;66;L=4;66;114;
2381;L=3;45;82;L=4;82;153;
2382;L=3;49;87;L=4;87;159;
2383;L=3;52;93;L=4;93;168;
2384;L=3;34;51;L=4;51;78;
2385;L=3;38;56;L=4;56;84;
2386;L=3;43;72;L=4;72;123;
2387;L=3;47;77;L=4;77;129;
2388;L=3;56;98;L=4;98;174;
2389;L=3;55;100;L=4;100;185;
2390;L=3;59;105;L=4;105;191;
2391;L=3;61;110;L=4;110;199;
2392;L=3;15;16;L=4;16;15;
2393;L=3;20;24;L=4;24;26;
2394;L=3;24;29;L=4;29;32;
2395;L=3;33;50;L=4;50;77;
2396;L=3;29;45;L=4;45;71;
2397;L=3;38;66;L=4;66;116;
2398;L=3;42;71;L=4;71;122;
2399;L=3;47;87;L=4;87;161;
2400;L=3;29;45;L=4;45;71;
2401;L=3;33;50;L=4;50;77;
2402;L=3;38;66;L=4;66;116;
2403;L=3;42;71;L=4;71;122;
2404;L=3;51;92;L=4;92;167;
2405;L=3;54;98;L=4;98;176;
2406;L=3;36;56;L=4;56;86;
2407;L=3;40;61;L=4;61;92;
2408;L=3;45;77;L=4;77;131;
2409;L=3;49;82;L=4;82;137;
2410;L=3;58;103;L=4;103;182;
2411;L=3;62;111;L=4;111;199;
2412;L=3;27;30;L=4;30;30;
2413;L=3;32;46;L=4;46;69;
2414;L=3;36;51;L=4;51;75;
2415;L=3;41;67;L=4;67;114;
2416;L=3;45;72;L=4;72;120;
2417;L=3;50;88;L=4;88;159;
2418;L=3;36;51;L=4;51;75;
2419;L=3;41;67;L=4;67;114;
2420;L=3;45;72;L=4;72;120;
2421;L=3;54;93;L=4;93;165;
2422;L=3;57;99;L=4;99;174;
2423;L=3;43;62;L=4;62;90;
2424;L=3;48;78;L=4;78;129;
2425;L=3;52;83;L=4;83;135;
2426;L=3;61;104;L=4;104;180;
2427;L=3;60;106;L=4;106;191;
2428;L=3;64;111;L=4;111;197;
2429;L=3;66;116;L=4;116;205;
2430;L=3;32;46;L=4;46;69;
2431;L=3;36;51;L=4;51;75;
2432;L=3;41;67;L=4;67;114;
2433;L=3;45;72;L=4;72;120;
2434;L=3;50;88;L=4;88;159;
2435;L=3;54;93;L=4;93;165;
2436;L=3;57;99;L=4;99;174;
2437;L=3;39;57;L=4;57;84;
2438;L=3;43;62;L=4;62;90;
2439;L=3;48;78;L=4;78;129;
2440;L=3;52;83;L=4;83;135;
2441;L=3;61;104;L=4;104;180;
2442;L=3;60;106;L=4;106;191;
2443;L=3;64;111;L=4;111;197;
2444;L=3;59;104;L=4;104;182;
2445;L=3;25;30;L=4;30;32;
2446;L=3;29;35;L=4;35;38;
2447;L=3;34;51;L=4;51;77;
2448;L=3;38;56;L=4;56;83;
2449;L=3;43;72;L=4;72;122;
2450;L=3;47;77;L=4;77;128;
2451;L=3;52;93;L=4;93;167;
2452;L=3;34;51;L=4;51;77;
2453;L=3;38;56;L=4;56;83;
2454;L=3;43;72;L=4;72;122;
2455;L=3;47;77;L=4;77;128;
2456;L=3;56;98;L=4;98;173;
2457;L=3;63;109;L=4;109;188;
2458;L=3;41;62;L=4;62;92;
2459;L=3;45;67;L=4;67;98;
2460;L=3;50;83;L=4;83;137;
2461;L=3;54;88;L=4;88;143;
2462;L=3;63;112;L=4;112;200;
2463;L=3;28;31;L=4;31;31;
2464;L=3;33;47;L=4;47;70;
2465;L=3;37;52;L=4;52;76;
2466;L=3;42;68;L=4;68;115;
2467;L=3;46;73;L=4;73;121;
2468;L=3;51;89;L=4;89;160;
2469;L=3;37;52;L=4;52;76;
2470;L=3;42;68;L=4;68;115;
2471;L=3;46;73;L=4;73;121;
2472;L=3;55;94;L=4;94;166;
2473;L=3;58;100;L=4;100;175;
2474;L=3;44;63;L=4;63;91;
2475;L=3;49;79;L=4;79;130;
2476;L=3;53;84;L=4;84;136;
2477;L=3;62;105;L=4;105;181;
2478;L=3;61;107;L=4;107;192;
2479;L=3;65;112;L=4;112;198;
2480;L=3;67;117;L=4;117;206;
2481;L=3;33;47;L=4;47;70;
2482;L=3;37;52;L=4;52;76;
2483;L=3;42;68;L=4;68;115;
2484;L=3;46;73;L=4;73;121;
2485;L=3;51;89;L=4;89;160;
2486;L=3;55;94;L=4;94;166;
2487;L=3;58;100;L=4;100;175;
2488;L=3;40;58;L=4;58;85;
2489;L=3;44;63;L=4;63;91;
2490;L=3;49;79;L=4;79;130;
2491;L=3;53;84;L=4;84;136;
2492;L=3;62;105;L=4;105;181;
2493;L=3;61;107;L=4;107;192;
2494;L=3;65;112;L=4;112;198;
2495;L=3;60;105;L=4;105;183;
2496;L=3;26;31;L=4;31;33;
2497;L=3;30;36;L=4;36;39;
2498;L=3;35;52;L=4;52;78;
2499;L=3;39;57;L=4;57;84;
2500;L=3;44;73;L=4;73;123;
2501;L=3;48;78;L=4;78;129;
2502;L=3;53;94;L=4;94;168;
2503;L=3;35;52;L=4;52;78;
2504;L=3;39;57;L=4;57;84;
2505;L=3;44;73;L=4;73;123;
2506;L=3;48;78;L=4;78;129;
2507;L=3;57;99;L=4;99;174;
2508;L=3;64;110;L=4;110;189;
2509;L=3;42;63;L=4;63;93;
2510;L=3;46;68;L=4;68;99;
2511;L=3;51;84;L=4;84;138;
2512;L=3;55;89;L=4;89;144;
2513;L=3;69;119;L=4;119;208;
2514;L=3;24;26;L=4;26;26;
2515;L=3;29;42;L=4;42;65;
2516;L=3;33;47;L=4;47;71;
2517;L=3;38;63;L=4;63;110;
2518;L=3;42;68;L=4;68;116;
2519;L=3;47;84;L=4;84;155;
2520;L=3;33;47;L=4;47;71;
2521;L=3;38;63;L=4;63;110;
2522;L=3;42;68;L=4;68;116;
2523;L=3;51;89;L=4;89;161;
2524;L=3;54;95;L=4;95;170;
2525;L=3;40;58;L=4;58;86;
2526;L=3;45;74;L=4;74;125;
2527;L=3;49;79;L=4;79;131;
2528;L=3;58;100;L=4;100;176;
2529;L=3;57;102;L=4;102;187;
2530;L=3;61;107;L=4;107;193;
2531;L=3;59;107;L=4;107;195;
2532;L=3;29;42;L=4;42;65;
2533;L=3;33;47;L=4;47;71;
2534;L=3;38;63;L=4;63;110;
2535;L=3;42;68;L=4;68;116;
2536;L=3;47;84;L=4;84;155;
2537;L=3;51;89;L=4;89;161;
2538;L=3;54;95;L=4;95;170;
2539;L=3;36;53;L=4;53;80;
2540;L=3;40;58;L=4;58;86;
2541;L=3;45;74;L=4;74;125;
2542;L=3;49;79;L=4;79;131;
2543;L=3;58;100;L=4;100;176;
2544;L=3;57;102;L=4;102;187;
2545;L=3;61;107;L=4;107;193;
2546;L=3;63;112;L=4;112;201;
2547;L=3;17;18;L=4;18;17;
2548;L=3;22;26;L=4;26;28;
2549;L=3;26;31;L=4;31;34;
2550;L=3;35;52;L=4;52;79;
2551;L=3;31;47;L=4;47;73;
2552;L=3;40;68;L=4;68;118;
2553;L=3;44;73;L=4;73;124;
2554;L=3;49;89;L=4;89;163;
2555;L=3;31;47;L=4;47;73;
2556;L=3;35;52;L=4;52;79;
2557;L=3;40;68;L=4;68;118;
2558;L=3;44;73;L=4;73;124;
2559;L=3;53;94;L=4;94;169;
2560;L=3;56;100;L=4;100;178;
2561;L=3;38;58;L=4;58;88;
2562;L=3;42;63;L=4;63;94;
2563;L=3;47;79;L=4;79;133;
2564;L=3;51;84;L=4;84;139;
2565;L=3;60;105;L=4;105;184;
2566;L=3;64;113;L=4;113;201;
2567;L=3;29;32;L=4;32;32;
2568;L=3;34;48;L=4;48;71;
2569;L=3;38;53;L=4;53;77;
2570;L=3;43;69;L=4;69;116;
2571;L=3;47;74;L=4;74;122;
2572;L=3;52;90;L=4;90;161;
2573;L=3;38;53;L=4;53;77;
2574;L=3;43;69;L=4;69;116;
2575;L=3;47;74;L=4;74;122;
2576;L=3;56;95;L=4;95;167;
2577;L=3;59;101;L=4;101;176;
2578;L=3;45;64;L=4;64;92;
2579;L=3;50;80;L=4;80;131;
2580;L=3;54;85;L=4;85;137;
2581;L=3;63;106;L=4;106;182;
2582;L=3;62;108;L=4;108;193;
2583;L=3;66;113;L=4;113;199;
2584;L=3;68;118;L=4;118;207;
2585;L=3;34;48;L=4;48;71;
2586;L=3;38;53;L=4;53;77;
2587;L=3;43;69;L=4;69;116;
2588;L=3;47;74;L=4;74;122;
2589;L=3;52;90;L=4;90;161;
2590;L=3;56;95;L=4;95;167;
2591;L=3;59;101;L=4;101;176;
2592;L=3;41;59;L=4;59;86;
2593;L=3;45;64;L=4;64;92;
2594;L=3;50;80;L=4;80;131;
2595;L=3;54;85;L=4;85;137;
2596;L=3;63;106;L=4;106;182;
2597;L=3;62;108;L=4;108;193;
2598;L=3;66;113;L=4;113;199;
2599;L=3;61;106;L=4;106;184;
2600;L=3;27;32;L=4;32;34;
2601;L=3;31;37;L=4;37;40;
2602;L=3;36;53;L=4;53;79;
2603;L=3;40;58;L=4;58;85;
2604;L=3;45;74;L=4;74;124;
2605;L=3;49;79;L=4;79;130;
2606;L=3;54;95;L=4;95;169;
2607;L=3;36;53;L=4;53;79;
2608;L=3;40;58;L=4;58;85;
2609;L=3;45;74;L=4;74;124;
2610;L=3;49;79;L=4;79;130;
2611;L=3;58;100;L=4;100;175;
2612;L=3;65;111;L=4;111;190;
2613;L=3;43;64;L=4;64;94;
2614;L=3;47;69;L=4;69;100;
2615;L=3;52;85;L=4;85;139;
2616;L=3;56;90;L=4;90;145;
2617;L=3;63;109;L=4;109;194;
2618;L=3;30;33;L=4;33;33;
2619;L=3;35;49;L=4;49;72;
2620;L=3;39;54;L=4;54;78;
2621;L=3;44;70;L=4;70;117;
2622;L=3;48;75;L=4;75;123;
2623;L=3;53;91;L=4;91;162;
2624;L=3;39;54;L=4;54;78;
2625;L=3;44;70;L=4;70;117;
2626;L=3;48;75;L=4;75;123;
2627;L=3;57;96;L=4;96;168;
2628;L=3;60;102;L=4;102;177;
2629;L=3;46;65;L=4;65;93;
2630;L=3;51;81;L=4;81;132;
2631;L=3;55;86;L=4;86;138;
2632;L=3;64;107;L=4;107;183;
2633;L=3;67;114;L=4;114;200;
2634;L=3;63;109;L=4;109;194;
2635;L=3;35;49;L=4;49;72;
2636;L=3;39;54;L=4;54;78;
2637;L=3;44;70;L=4;70;117;
2638;L=3;48;75;L=4;75;123;
2639;L=3;53;91;L=4;91;162;
2640;L=3;57;96;L=4;96;168;
2641;L=3;60;102;L=4;102;177;
2642;L=3;42;60;L=4;60;87;
2643;L=3;46;65;L=4;65;93;
2644;L=3;51;81;L=4;81;132;
2645;L=3;55;86;L=4;86;138;
2646;L=3;64;107;L=4;107;183;
2647;L=3;67;114;L=4;114;200;
2648;L=3;62;107;L=4;107;185;
2649;L=3;28;33;L=4;33;35;
2650;L=3;32;38;L=4;38;41;
2651;L=3;37;54;L=4;54;80;
2652;L=3;41;59;L=4;59;86;
2653;L=3;46;75;L=4;75;125;
2654;L=3;50;80;L=4;80;131;
2655;L=3;55;96;L=4;96;170;
2656;L=3;37;54;L=4;54;80;
2657;L=3;41;59;L=4;59;86;
2658;L=3;46;75;L=4;75;125;
2659;L=3;50;80;L=4;80;131;
2660;L=3;59;101;L=4;101;176;
2661;L=3;66;112;L=4;112;191;
2662;L=3;44;65;L=4;65;95;
2663;L=3;48;70;L=4;70;101;
2664;L=3;57;91;L=4;91;146;
